Dates,Susceptible (loc 0),Susceptible (loc 1),Susceptible (loc 2),Susceptible (loc 3),Susceptible (loc 4),Susceptible (loc 5),Susceptible (loc 6),Susceptible (loc 7),Susceptible (loc 8),Susceptible (loc 9),Susceptible (loc 10),Susceptible (loc 11),Susceptible (loc 12),Susceptible (loc 13),Susceptible (loc 14),Susceptible (loc 15),Susceptible (loc 16),Susceptible (loc 17),Susceptible (loc 18),Susceptible (loc 19),Susceptible (loc 20),Susceptible (loc 21),Susceptible (loc 22),Susceptible (loc 23),Susceptible (loc 24),Susceptible (loc 25),Infected (loc 0),Infected (loc 1),Infected (loc 2),Infected (loc 3),Infected (loc 4),Infected (loc 5),Infected (loc 6),Infected (loc 7),Infected (loc 8),Infected (loc 9),Infected (loc 10),Infected (loc 11),Infected (loc 12),Infected (loc 13),Infected (loc 14),Infected (loc 15),Infected (loc 16),Infected (loc 17),Infected (loc 18),Infected (loc 19),Infected (loc 20),Infected (loc 21),Infected (loc 22),Infected (loc 23),Infected (loc 24),Infected (loc 25),Recovered (loc 0),Recovered (loc 1),Recovered (loc 2),Recovered (loc 3),Recovered (loc 4),Recovered (loc 5),Recovered (loc 6),Recovered (loc 7),Recovered (loc 8),Recovered (loc 9),Recovered (loc 10),Recovered (loc 11),Recovered (loc 12),Recovered (loc 13),Recovered (loc 14),Recovered (loc 15),Recovered (loc 16),Recovered (loc 17),Recovered (loc 18),Recovered (loc 19),Recovered (loc 20),Recovered (loc 21),Recovered (loc 22),Recovered (loc 23),Recovered (loc 24),Recovered (loc 25)
1/1/2021,296,293,309,290,302,310,286,293,316,289,312,302,262,316,296,283,287,308,274,288,268,305,289,301,300,323,0,0,0,0,0,0,0,0,0,0,0,0,0,0,0,0,0,0,0,0,0,0,0,0,0,0,0,0,0,0,0,0,0,0,0,0,0,0,0,0,0,0,0,0,0,0,0,0,0,0,0,0
2/1/2021,299,296,309,294,306,312,285,291,315,294,313,301,264,318,298,283,281,307,274,281,268,306,287,304,298,314,0,0,0,0,0,0,0,0,0,0,0,0,0,0,0,0,0,0,0,0,0,0,0,0,0,0,0,0,0,0,0,0,0,0,0,0,0,0,0,0,0,0,0,0,0,0,0,0,0,0,0,0
3/1/2021,298,289,308,294,306,313,292,286,314,303,319,299,262,317,297,283,281,304,275,279,266,310,287,303,293,320,0,0,0,0,0,0,0,0,0,0,0,0,0,0,0,0,0,0,0,0,0,0,0,0,0,0,0,0,0,0,0,0,0,0,0,0,0,0,0,0,0,0,0,0,0,0,0,0,0,0,0,0
4/1/2021,297,291,303,296,306,313,296,288,318,303,316,298,262,307,295,283,284,310,278,280,272,306,282,300,295,319,0,0,0,0,0,0,0,0,0,0,0,0,0,0,0,0,0,0,0,0,0,0,0,0,0,0,0,0,0,0,0,0,0,0,0,0,0,0,0,0,0,0,0,0,0,0,0,0,0,0,0,0
5/1/2021,293,300,300,295,305,314,299,287,317,307,312,296,267,304,294,281,285,313,282,281,272,305,279,300,297,313,0,0,0,0,0,0,0,0,0,0,0,0,0,0,0,0,0,0,0,0,0,0,0,0,0,0,0,0,0,0,0,0,0,0,0,0,0,0,0,0,0,0,0,0,0,0,0,0,0,0,0,0
6/1/2021,300,301,303,296,301,313,300,287,318,302,314,294,269,301,292,282,288,317,280,277,268,306,275,297,297,320,0,0,0,0,0,0,0,0,0,0,0,0,0,0,0,0,0,0,0,0,0,0,0,0,0,0,0,0,0,0,0,0,0,0,0,0,0,0,0,0,0,0,0,0,0,0,0,0,0,0,0,0
7/1/2021,294,299,301,295,299,307,296,295,314,298,314,296,263,311,296,279,295,315,282,280,277,304,278,296,301,313,0,0,0,0,0,0,0,0,0,0,0,0,0,0,0,0,0,0,0,0,0,0,0,0,0,0,0,0,0,0,0,0,0,0,0,0,0,0,0,0,0,0,0,0,0,0,0,0,0,0,0,0
8/1/2021,293,299,298,298,308,306,293,293,309,288,306,303,258,316,299,281,293,312,283,277,285,302,278,300,310,310,0,0,0,0,0,0,0,0,0,0,0,0,0,0,0,0,0,0,0,0,0,0,0,0,0,0,0,0,0,0,0,0,0,0,0,0,0,0,0,0,0,0,0,0,0,0,0,0,0,0,0,0
9/1/2021,294,302,306,301,301,302,296,297,310,287,303,305,251,307,297,283,293,318,290,274,284,309,279,299,307,303,0,0,0,0,0,0,0,0,0,0,0,0,0,0,0,0,0,0,0,0,0,0,0,0,0,0,0,0,0,0,0,0,0,0,0,0,0,0,0,0,0,0,0,0,0,0,0,0,0,0,0,0
10/1/2021,290,300,302,297,305,297,298,299,313,283,305,311,255,304,297,284,296,316,287,278,285,307,279,300,306,304,0,0,0,0,0,0,0,0,0,0,0,0,0,0,0,0,0,0,0,0,0,0,0,0,0,0,0,0,0,0,0,0,0,0,0,0,0,0,0,0,0,0,0,0,0,0,0,0,0,0,0,0
11/1/2021,287,303,303,295,303,305,299,293,316,285,307,305,259,299,296,284,295,320,290,279,287,303,277,300,306,302,0,0,0,0,0,0,0,0,0,0,0,0,0,0,0,0,0,0,0,0,0,0,0,0,0,0,0,0,0,0,0,0,0,0,0,0,0,0,0,0,0,0,0,0,0,0,0,0,0,0,0,0
12/1/2021,285,304,301,294,305,310,297,289,319,294,311,301,265,296,295,284,298,317,290,281,289,296,274,299,300,304,0,0,0,0,0,0,0,0,0,0,0,0,0,0,0,0,0,0,0,0,0,0,0,0,0,0,0,0,0,0,0,0,0,0,0,0,0,0,0,0,0,0,0,0,0,0,0,0,0,0,0,0
13/1/2021,285,303,301,296,309,304,298,290,322,290,307,301,266,289,303,286,302,317,291,279,291,291,270,299,306,302,0,0,0,0,0,0,0,0,0,0,0,0,0,0,0,0,0,0,0,0,0,0,0,0,0,0,0,0,0,0,0,0,0,0,0,0,0,0,0,0,0,0,0,0,0,0,0,0,0,0,0,0
14/1/2021,284,309,298,299,305,308,292,292,319,294,308,297,267,295,299,278,299,321,295,275,295,295,274,298,308,294,0,0,0,0,0,0,0,0,0,0,0,0,0,0,0,0,0,0,0,0,0,0,0,0,0,0,0,0,0,0,0,0,0,0,0,0,0,0,0,0,0,0,0,0,0,0,0,0,0,0,0,0
15/1/2021,279,306,297,299,302,313,290,294,319,293,297,298,274,290,297,280,300,328,297,275,300,299,271,299,309,292,0,0,0,0,0,0,0,0,0,0,0,0,0,0,0,0,0,0,0,0,0,0,0,0,0,0,0,0,0,0,0,0,0,0,0,0,0,0,0,0,0,0,0,0,0,0,0,0,0,0,0,0
16/1/2021,278,311,300,300,302,307,292,297,317,296,296,302,274,293,299,282,304,327,302,275,297,289,269,297,302,290,0,0,0,0,0,0,0,0,0,0,0,0,0,0,0,0,0,0,0,0,0,0,0,0,0,0,0,0,0,0,0,0,0,0,0,0,0,0,0,0,0,0,0,0,0,0,0,0,0,0,0,0
17/1/2021,275,313,299,300,297,304,294,299,317,292,303,301,275,286,298,278,303,333,296,278,298,297,268,296,304,294,0,0,0,0,0,0,0,0,0,0,0,0,0,0,0,0,0,0,0,0,0,0,0,0,0,0,0,0,0,0,0,0,0,0,0,0,0,0,0,0,0,0,0,0,0,0,0,0,0,0,0,0
18/1/2021,271,314,301,298,298,310,294,301,317,287,302,300,276,284,294,276,308,333,302,279,301,298,269,293,301,291,0,0,0,0,0,0,0,0,0,0,0,0,0,0,0,0,0,0,0,0,0,0,0,0,0,0,0,0,0,0,0,0,0,0,0,0,0,0,0,0,0,0,0,0,0,0,0,0,0,0,0,0
19/1/2021,273,320,299,299,297,308,288,304,316,284,307,302,276,286,296,274,315,330,302,278,305,297,268,292,297,285,0,0,0,0,0,0,0,0,0,0,0,0,0,0,0,0,0,0,0,0,0,0,0,0,0,0,0,0,0,0,0,0,0,0,0,0,0,0,0,0,0,0,0,0,0,0,0,0,0,0,0,0
20/1/2021,277,316,299,299,289,311,288,303,318,277,311,301,277,288,295,280,321,331,304,278,299,294,269,288,300,285,0,0,0,0,0,0,0,0,0,0,0,0,0,0,0,0,0,0,0,0,0,0,0,0,0,0,0,0,0,0,0,0,0,0,0,0,0,0,0,0,0,0,0,0,0,0,0,0,0,0,0,0
21/1/2021,284,319,298,296,283,318,287,300,320,273,309,301,272,288,289,278,326,333,304,281,297,295,268,287,305,287,0,0,0,0,0,0,0,0,0,0,0,0,0,0,0,0,0,0,0,0,0,0,0,0,0,0,0,0,0,0,0,0,0,0,0,0,0,0,0,0,0,0,0,0,0,0,0,0,0,0,0,0
22/1/2021,289,319,298,162,284,316,287,301,320,266,307,303,274,288,285,282,333,333,309,279,290,292,268,284,308,287,0,0,0,127,0,0,0,0,0,0,0,0,0,0,0,0,0,0,0,1,0,0,0,0,0,0,0,0,0,6,0,0,0,0,0,0,0,0,0,0,0,0,0,0,0,0,0,0,0,0,0,0
23/1/2021,284,320,298,90,283,313,288,306,320,263,306,299,280,292,282,278,336,328,312,276,289,295,268,283,311,289,0,0,0,187,0,0,0,0,0,0,0,0,0,0,0,0,0,0,0,2,0,0,0,0,0,0,0,0,0,20,0,0,0,0,0,0,0,0,0,0,0,0,0,0,0,0,0,0,0,0,0,0
24/1/2021,276,317,297,60,287,307,291,309,321,256,306,298,281,291,283,284,335,328,313,273,289,291,272,285,313,293,0,0,0,189,0,0,0,0,0,0,0,0,0,0,0,0,0,0,0,3,0,0,0,0,0,0,0,0,0,50,0,0,0,0,0,0,0,0,0,0,0,0,0,0,0,0,0,0,0,0,0,0
25/1/2021,271,315,295,32,291,312,296,308,322,263,302,295,279,287,282,281,328,327,310,271,288,295,277,288,317,295,0,0,0,201,0,0,0,0,0,0,0,0,0,0,0,0,0,0,0,5,0,0,0,0,0,0,0,0,0,64,0,0,0,0,0,0,0,0,0,0,0,0,0,0,0,1,0,0,0,0,0,0
26/1/2021,270,310,293,21,293,313,299,312,321,261,297,295,279,288,282,286,326,327,308,266,287,294,280,290,321,293,0,0,0,202,0,0,0,0,0,0,0,0,0,0,0,0,0,0,0,8,0,0,0,0,0,0,0,0,0,74,0,0,0,0,0,0,0,0,0,0,0,0,0,0,0,2,0,0,0,0,0,0
27/1/2021,275,310,297,11,297,311,302,314,324,263,291,295,269,282,281,285,324,326,316,264,285,297,281,289,322,290,0,0,0,201,0,0,0,0,0,0,0,0,0,0,0,0,0,0,0,8,0,0,0,0,0,0,0,0,0,86,0,0,0,0,0,0,0,0,0,0,0,0,0,0,0,2,0,0,0,0,0,0
28/1/2021,269,316,298,16,302,312,302,316,322,263,292,294,273,283,275,286,322,323,315,261,289,289,281,291,324,290,0,0,0,188,0,0,0,0,0,0,0,0,0,0,0,0,0,0,0,9,0,0,0,0,0,0,0,0,0,91,0,0,0,0,0,0,0,0,0,0,0,0,0,0,0,6,0,0,0,0,0,0
29/1/2021,276,318,298,23,299,313,300,313,325,266,291,291,272,286,278,288,320,316,318,258,285,292,277,293,324,287,0,0,0,183,0,0,0,0,0,0,0,0,0,0,0,0,0,0,0,12,0,0,0,0,0,0,0,0,0,90,0,0,0,0,0,0,0,0,0,0,0,0,0,0,0,6,0,0,0,0,0,0
30/1/2021,280,322,299,20,298,315,301,309,325,264,290,289,278,284,275,284,320,318,315,252,281,292,273,294,331,290,0,0,0,178,0,0,0,0,0,0,0,0,0,0,0,0,0,0,0,19,0,0,0,0,0,0,0,0,0,97,0,0,0,0,0,0,0,0,0,0,0,0,0,0,0,5,0,0,0,0,0,0
31/1/2021,281,321,299,23,298,319,303,305,326,266,288,288,277,280,275,284,322,319,308,246,282,292,273,299,327,295,0,0,0,176,0,0,0,0,0,0,0,0,0,0,0,0,0,0,0,22,0,0,0,0,0,0,0,0,0,96,0,0,0,0,0,0,0,0,0,0,0,0,0,0,0,8,0,0,0,0,0,0
1/2/2021,286,322,292,33,297,318,303,307,322,261,285,291,272,281,274,291,326,321,312,240,282,288,275,296,327,293,0,0,0,162,0,0,0,0,0,0,0,0,0,0,0,0,0,0,0,32,0,0,0,0,0,0,0,0,0,99,0,0,0,0,0,0,0,0,0,0,0,0,0,0,0,10,0,0,0,0,0,0
2/2/2021,287,322,289,36,298,313,303,308,322,258,287,296,273,285,277,289,324,317,313,233,274,293,277,296,323,295,0,0,2,149,0,0,0,0,0,0,0,0,0,0,0,0,0,0,0,41,0,0,0,0,0,0,0,0,0,104,0,0,0,0,0,0,0,0,0,0,0,0,0,0,0,14,0,0,0,0,0,0
3/2/2021,288,324,286,44,300,310,303,306,322,260,285,300,273,283,282,286,326,316,312,229,277,289,276,295,322,298,0,0,2,138,0,0,0,0,0,0,0,0,0,0,0,0,0,0,0,43,0,0,0,0,0,0,0,0,0,105,0,0,0,0,0,0,0,0,0,0,0,0,0,0,0,18,0,0,0,0,0,0
4/2/2021,290,325,290,43,305,307,301,313,322,260,284,299,272,289,282,284,328,307,310,224,278,284,274,292,327,295,0,0,2,136,0,0,0,0,0,0,0,0,1,0,0,0,0,0,0,49,0,0,0,0,0,0,0,0,1,107,0,0,0,0,0,0,0,0,0,0,0,0,0,0,0,17,0,0,0,0,0,0
5/2/2021,289,329,286,51,296,304,296,314,325,266,285,294,276,288,281,279,332,306,302,219,283,292,273,302,323,297,0,0,3,119,0,0,0,0,0,0,0,0,1,0,0,0,0,0,0,54,0,0,0,0,0,0,0,0,1,116,0,0,0,0,0,0,0,0,0,0,0,0,0,0,0,16,0,0,0,0,0,0
6/2/2021,292,326,289,61,296,308,294,316,321,269,290,282,268,297,279,282,333,303,298,213,281,296,277,301,322,297,0,0,2,112,0,0,0,0,0,0,0,0,2,0,0,0,0,0,0,54,0,0,0,0,0,0,0,0,2,115,0,0,0,0,0,0,0,0,0,0,0,0,0,0,0,20,0,0,0,0,0,0
7/2/2021,289,327,290,59,298,307,294,317,322,275,287,280,267,297,275,279,328,302,297,213,286,299,277,304,322,298,0,0,2,108,0,0,0,0,0,0,0,0,1,0,0,0,0,0,0,54,0,0,0,0,0,0,0,0,2,120,0,0,0,0,0,0,0,0,0,0,0,0,0,0,0,22,0,0,0,0,0,0
8/2/2021,291,328,289,61,294,304,297,320,322,278,281,284,264,297,279,277,329,302,299,207,287,299,274,308,318,295,0,0,1,109,0,0,0,0,0,0,0,0,1,0,0,0,0,0,0,58,0,0,0,0,0,0,0,0,2,116,0,0,0,0,0,0,0,0,0,0,0,0,0,0,0,27,0,0,0,0,0,0
9/2/2021,288,333,287,71,288,301,300,314,324,281,283,287,269,293,285,276,325,306,300,203,285,299,275,305,316,295,0,0,1,103,0,0,0,0,0,0,0,0,1,0,0,0,0,0,0,60,0,0,0,0,0,0,0,0,2,112,0,0,0,0,0,0,0,0,0,0,0,0,0,0,0,30,0,0,0,0,0,0
10/2/2021,294,328,289,70,290,301,302,313,325,284,279,286,265,293,287,285,324,304,301,199,279,292,275,305,317,296,0,0,4,96,0,0,0,0,0,0,0,0,1,0,0,0,0,0,0,59,0,0,0,0,0,0,0,0,2,118,0,0,0,0,0,0,0,0,0,0,0,0,0,0,0,35,0,0,0,0,0,0
11/2/2021,293,330,288,83,290,301,304,316,322,286,276,291,262,293,282,285,325,302,305,189,281,295,276,310,309,291,0,0,4,92,0,0,0,0,0,0,0,0,1,0,0,0,0,0,0,68,0,0,0,0,0,0,0,0,2,109,0,0,0,0,0,0,0,0,0,0,0,0,0,0,0,37,0,0,0,0,0,0
12/2/2021,297,322,281,86,283,300,300,315,322,282,275,295,263,302,283,291,327,297,306,183,279,302,275,312,310,292,0,0,5,94,0,0,0,0,0,0,0,0,1,0,0,0,0,0,0,72,0,0,0,0,0,0,0,0,2,104,0,0,0,0,0,0,0,0,0,0,0,0,0,0,0,40,0,0,0,0,0,0
13/2/2021,294,320,280,83,283,300,297,318,327,282,274,297,257,297,283,291,323,298,307,183,285,306,277,312,311,289,0,0,6,94,0,0,0,0,0,0,0,0,1,0,0,0,0,0,0,71,0,0,0,0,0,0,0,0,4,110,0,0,0,0,0,0,0,0,1,0,0,0,0,0,0,37,0,0,0,0,0,0
14/2/2021,298,317,278,93,280,295,300,319,329,281,275,292,254,293,287,296,330,295,306,174,282,301,279,314,309,295,0,0,8,88,0,0,0,0,0,0,0,0,1,0,0,0,0,0,0,79,0,0,0,0,0,0,0,0,5,110,0,0,0,0,0,0,0,0,0,0,0,0,0,0,0,35,0,0,0,0,0,0
15/2/2021,296,320,281,97,285,297,302,314,329,282,277,291,253,292,281,293,332,296,306,163,279,296,282,313,308,302,0,0,12,94,0,0,0,0,0,0,0,0,1,0,0,0,0,0,0,82,0,0,0,0,0,0,0,0,3,98,0,0,0,0,0,0,0,0,0,0,0,0,0,0,0,41,0,0,0,0,0,0
16/2/2021,298,312,273,104,283,295,299,314,330,282,277,299,255,290,282,297,330,296,305,151,276,304,281,312,306,302,0,0,14,89,0,0,0,0,0,0,0,0,2,0,0,0,0,0,0,91,0,0,0,0,0,0,0,0,5,96,0,0,0,0,0,0,0,0,1,0,0,0,0,0,0,47,0,0,0,0,0,0
17/2/2021,295,313,265,101,283,298,304,319,332,287,273,297,261,285,281,294,323,301,303,140,275,302,284,313,308,297,0,0,16,94,0,0,0,0,0,0,0,0,2,0,0,0,0,0,0,101,0,0,0,0,0,0,0,0,6,96,0,0,0,0,0,0,0,0,1,0,0,0,0,0,0,48,0,0,0,0,0,0
18/2/2021,293,312,257,101,283,296,306,316,332,285,277,295,263,286,283,298,319,299,301,137,274,307,285,311,310,301,0,0,19,94,0,0,0,0,0,0,0,0,3,0,0,0,0,0,0,101,0,0,0,0,0,0,0,0,9,98,0,0,0,0,0,0,0,0,1,0,0,0,0,0,0,46,0,0,0,0,0,0
19/2/2021,290,306,251,104,287,303,306,311,338,285,278,297,267,281,282,302,309,300,302,132,282,307,281,311,308,301,0,0,22,85,0,0,0,0,0,0,0,0,4,0,0,0,0,0,0,100,0,0,0,0,0,0,0,0,10,101,0,0,0,0,0,0,0,0,1,0,0,0,0,0,0,54,0,0,0,0,0,0
20/2/2021,278,313,251,103,289,302,303,312,338,288,280,299,270,285,281,300,302,300,298,132,290,304,285,311,305,300,0,0,20,81,0,0,0,0,0,0,0,0,3,0,0,0,0,0,0,100,0,0,0,0,0,0,0,0,10,106,0,0,0,0,0,0,0,0,3,0,0,0,0,0,0,56,0,0,0,0,0,0
21/2/2021,273,313,252,114,292,308,302,314,340,284,277,299,271,286,277,296,301,297,298,116,293,311,285,310,307,297,0,0,20,79,0,0,0,0,0,0,0,1,2,0,0,0,0,0,0,113,0,0,2,0,0,0,0,0,10,98,0,0,0,0,0,0,0,0,3,0,0,0,0,0,0,57,0,0,0,0,0,0
22/2/2021,272,312,249,113,289,306,304,312,338,286,276,299,271,287,284,301,304,292,297,114,291,311,283,308,308,292,0,0,28,78,0,0,0,0,0,0,0,2,4,0,0,0,0,0,0,105,0,0,3,0,0,0,0,0,12,99,0,0,0,0,0,0,0,0,3,0,0,0,0,0,0,65,0,0,0,0,0,0
23/2/2021,268,307,248,120,288,302,307,313,339,288,274,290,268,288,283,299,309,290,294,110,297,313,278,313,309,295,0,0,32,74,0,0,0,0,0,0,0,3,4,0,0,0,0,0,0,100,0,0,5,0,0,0,0,0,16,99,0,0,0,0,0,0,0,0,3,0,0,0,0,0,0,71,0,0,1,0,0,0
24/2/2021,270,306,240,118,293,298,307,315,343,288,280,290,266,284,289,296,309,285,291,108,298,313,275,310,307,296,0,0,39,74,0,0,0,0,0,0,0,4,4,0,0,0,0,0,0,100,0,0,6,0,0,0,0,0,17,103,0,0,0,0,0,0,0,0,3,0,0,0,0,0,0,72,0,0,1,0,0,0
25/2/2021,265,309,237,119,298,299,304,308,340,285,283,288,270,286,295,297,305,286,289,108,298,311,277,312,313,289,0,0,45,69,0,0,0,0,0,0,0,5,3,0,0,0,0,0,0,88,0,0,6,0,0,0,0,0,17,112,0,0,0,0,0,0,0,0,3,0,0,0,0,0,0,78,0,0,1,0,0,0
26/2/2021,266,306,234,120,302,298,303,312,336,282,285,287,265,289,297,302,304,285,295,103,301,307,271,304,318,281,0,0,46,67,0,0,0,0,0,0,0,8,7,0,0,0,0,0,0,87,0,0,9,0,0,0,0,0,24,113,0,0,0,0,0,0,0,0,3,0,0,0,0,0,0,80,0,0,1,0,0,0
27/2/2021,271,302,227,124,299,293,304,313,334,278,284,286,262,290,300,305,310,287,294,106,296,304,266,302,315,287,0,0,54,66,0,0,0,0,0,1,0,12,8,0,0,0,0,0,0,84,0,0,11,0,0,0,0,0,27,108,0,0,0,0,0,0,0,0,3,0,0,0,0,0,0,83,0,0,2,0,0,0
28/2/2021,272,295,221,129,299,293,309,316,334,281,285,278,263,292,299,308,312,281,295,108,292,305,265,298,310,292,1,0,58,69,0,0,0,0,0,1,0,15,7,0,0,0,0,0,0,90,0,0,14,0,2,0,0,0,28,102,0,0,0,0,0,0,0,0,3,0,0,0,0,0,0,74,0,0,2,0,0,0
1/3/2021,268,304,213,126,296,295,312,312,332,280,286,275,257,291,294,304,312,281,297,113,295,311,267,296,313,290,2,0,59,75,0,0,0,0,0,2,0,17,8,0,0,0,0,0,0,89,0,0,15,0,2,0,0,0,31,98,0,0,0,0,0,0,0,0,3,0,0,0,0,0,0,73,0,0,4,0,0,0
2/3/2021,269,305,211,126,296,293,311,309,334,272,285,276,255,289,294,305,307,281,297,118,293,316,265,293,315,297,3,0,63,74,0,0,0,0,0,2,0,21,10,0,0,0,0,0,0,83,0,0,17,0,2,0,1,0,30,96,0,0,0,0,0,0,0,0,4,0,0,0,0,0,0,76,0,0,4,0,0,0
3/3/2021,272,306,209,125,292,289,310,313,334,272,282,262,254,293,292,304,308,279,298,124,290,320,261,297,316,296,5,0,60,76,0,0,0,0,0,3,0,23,9,0,0,0,0,0,0,81,1,0,19,0,2,0,1,0,36,95,0,0,0,0,0,0,0,7,6,0,0,0,0,0,0,72,0,0,4,0,0,0
4/3/2021,268,311,205,121,294,294,313,310,334,265,275,262,249,290,289,304,309,280,298,121,292,318,258,302,317,293,8,0,61,75,0,0,0,0,0,3,0,24,9,0,0,0,0,0,0,79,0,0,24,0,1,0,1,0,42,100,0,0,0,0,0,1,0,9,8,0,0,0,0,0,0,76,1,0,4,0,0,0
5/3/2021,261,309,198,127,292,294,312,311,332,271,271,264,247,297,289,309,305,276,295,116,296,320,255,305,313,291,11,0,70,73,0,0,0,0,0,2,0,24,8,0,0,0,0,0,0,84,0,0,27,0,1,0,1,0,42,97,0,0,0,0,0,1,0,12,10,0,0,0,0,0,0,73,1,0,5,0,0,0
6/3/2021,257,312,188,130,294,299,309,307,333,268,274,258,248,297,286,309,302,271,300,119,298,324,250,303,313,285,14,0,78,76,0,0,0,0,0,3,0,29,8,0,0,0,0,0,0,85,1,0,28,0,1,0,1,0,44,91,0,0,0,0,0,2,0,12,10,0,0,0,0,0,0,71,1,0,9,0,0,0
7/3/2021,256,311,179,130,298,291,310,309,333,268,282,254,250,296,288,312,303,273,299,118,290,314,249,300,309,290,15,0,81,82,0,0,0,0,0,3,0,28,9,0,0,0,0,0,0,93,1,0,29,0,1,0,1,0,47,85,0,0,0,0,0,3,0,18,12,0,0,0,0,0,0,66,0,0,12,0,0,0
8/3/2021,250,311,168,133,301,298,314,306,332,269,276,254,257,293,286,308,298,280,303,125,286,314,243,296,309,292,19,0,85,78,0,0,0,0,0,3,0,24,10,0,0,0,0,0,0,80,2,0,32,0,2,0,1,0,47,86,0,0,0,0,0,4,0,23,12,0,0,0,0,0,0,75,0,0,13,0,0,0
9/3/2021,254,317,161,135,303,303,310,303,337,273,278,250,255,289,283,309,292,280,300,115,281,310,240,296,308,292,20,0,93,77,0,0,0,0,0,4,1,24,10,0,0,0,0,0,0,84,4,0,33,0,4,0,2,0,48,86,0,0,0,0,0,4,0,26,9,0,0,0,0,0,0,79,0,0,16,0,0,0
10/3/2021,254,322,153,139,294,308,313,299,336,270,274,254,258,290,281,311,301,285,302,113,275,304,231,296,303,290,19,0,90,76,0,0,0,0,0,3,1,24,17,0,0,0,0,0,0,86,4,0,34,0,9,0,6,0,55,82,0,0,0,0,0,5,0,24,9,0,0,0,0,0,0,79,0,0,19,0,0,0
11/3/2021,249,314,159,141,293,307,315,294,336,273,280,251,247,289,283,311,296,284,299,109,274,314,231,296,293,295,19,0,90,75,0,0,0,0,0,3,1,29,22,0,0,0,0,0,0,86,5,0,39,0,10,0,8,0,58,80,0,0,0,0,0,5,0,24,9,0,0,0,0,0,0,82,0,0,18,0,2,0
12/3/2021,249,310,154,146,297,309,317,291,335,276,278,255,240,287,287,313,292,283,296,100,273,312,218,302,288,295,16,0,97,77,0,0,0,0,0,5,2,29,32,0,0,0,0,0,0,84,6,0,48,0,12,0,10,0,53,75,0,0,0,0,0,4,0,22,8,0,0,0,0,0,0,92,1,0,20,0,2,0
13/3/2021,247,305,150,150,299,314,322,291,336,280,286,247,232,284,286,314,293,286,291,104,269,309,210,299,282,293,16,0,90,80,0,0,0,0,0,4,2,33,31,0,0,0,0,0,0,84,8,0,52,0,13,0,12,0,61,67,0,0,0,0,0,7,0,25,14,0,0,0,0,0,0,90,3,0,24,0,3,0
14/3/2021,241,305,139,145,296,314,326,291,336,275,284,247,230,281,286,314,293,294,288,110,261,303,207,302,281,297,17,0,89,85,0,0,0,0,0,4,2,38,37,0,0,0,0,0,0,81,8,0,55,0,15,0,16,0,69,67,0,0,0,0,0,7,0,23,16,0,0,0,0,0,0,89,4,0,26,0,4,0
15/3/2021,230,306,138,145,298,319,331,282,338,271,282,242,220,283,285,316,294,294,284,110,259,298,195,307,285,296,22,0,94,84,0,0,0,0,0,6,3,39,36,0,0,0,0,0,0,78,9,0,61,0,19,0,18,0,65,66,0,0,0,0,0,8,0,25,20,0,0,0,0,0,0,94,5,0,34,0,4,0
16/3/2021,222,300,140,147,295,312,330,285,338,270,284,238,213,284,289,315,293,296,286,109,261,298,179,303,280,303,26,0,94,85,0,0,0,0,0,8,3,37,40,0,0,0,0,0,0,81,9,0,74,0,24,0,19,0,65,62,0,0,0,0,0,10,0,28,23,0,0,0,0,0,0,90,8,0,37,0,5,0
17/3/2021,217,304,137,148,297,313,331,283,338,266,277,232,205,286,288,308,289,300,291,104,262,301,178,302,272,300,25,0,97,92,0,0,0,0,0,11,3,39,43,0,0,0,0,0,0,81,9,0,70,0,33,0,22,0,70,57,0,0,0,0,0,10,0,30,27,0,0,0,0,0,0,91,10,0,44,0,5,0
18/3/2021,206,298,145,147,294,307,330,285,340,272,280,228,199,286,290,312,291,298,295,95,260,302,178,301,258,301,28,0,89,91,0,0,0,0,0,11,3,39,57,0,0,0,0,0,0,92,12,0,65,0,39,0,25,0,75,60,0,0,0,0,0,9,0,26,28,0,0,0,0,0,0,88,8,0,47,0,8,0
19/3/2021,198,301,144,145,291,302,329,286,339,267,285,223,195,285,293,311,292,297,290,102,258,306,170,303,253,301,35,0,85,86,0,0,0,0,0,11,3,45,57,0,0,0,0,0,0,90,17,0,72,0,38,0,25,0,82,63,0,0,0,0,0,9,0,22,30,0,0,0,0,0,0,89,8,0,49,0,16,0
20/3/2021,193,299,150,142,294,299,328,283,339,264,283,209,180,282,298,313,290,298,291,104,257,305,167,308,247,301,37,0,81,90,0,0,0,0,0,13,5,53,65,0,0,0,1,0,0,91,17,0,75,0,33,0,24,0,78,64,0,0,1,0,0,8,1,23,38,0,0,0,0,0,0,88,10,0,52,0,26,0
21/3/2021,192,302,156,133,295,298,328,284,337,259,285,201,173,280,298,312,293,300,290,102,253,303,161,307,243,302,41,0,79,94,0,0,1,0,0,18,7,48,59,0,0,0,1,0,0,96,18,0,80,0,37,0,26,0,76,67,0,0,1,0,0,9,1,29,45,0,0,0,0,0,0,87,12,0,52,0,27,0
22/3/2021,187,299,154,130,297,297,328,289,337,257,277,194,175,278,300,313,287,301,283,106,255,304,154,308,235,308,39,0,75,92,0,0,1,0,0,23,10,54,58,0,0,0,1,0,0,92,19,0,76,0,41,0,32,0,81,72,0,0,1,0,0,10,1,31,50,0,0,0,0,0,0,88,13,0,55,0,30,0
23/3/2021,185,296,151,124,303,301,329,284,336,258,273,184,169,279,300,311,285,302,282,113,250,308,151,311,230,305,35,0,75,91,0,0,2,0,0,23,12,62,62,0,0,0,1,0,0,88,21,0,75,0,44,0,36,0,80,79,0,0,1,0,0,11,2,33,55,0,0,0,0,0,0,87,13,0,58,0,32,0
24/3/2021,180,299,160,126,311,307,331,277,335,256,264,178,168,280,295,312,285,296,286,114,244,302,135,310,229,308,36,0,77,95,0,0,2,0,0,29,14,60,61,0,0,0,1,0,0,79,23,0,81,0,47,0,35,0,76,76,0,0,1,0,0,8,3,37,62,0,0,0,1,0,0,90,13,0,69,0,34,0
25/3/2021,181,304,162,128,317,304,333,283,336,260,260,171,174,278,294,313,281,293,282,112,235,294,135,311,225,305,35,0,73,100,0,0,2,0,0,32,16,60,57,0,0,0,2,0,0,84,28,0,78,0,48,0,38,0,82,71,0,0,1,0,0,10,6,38,54,0,0,0,1,0,0,88,15,0,73,0,35,0
26/3/2021,177,304,153,120,312,301,331,288,338,250,251,179,166,277,295,310,279,296,279,114,234,296,137,310,221,312,37,0,73,97,0,0,3,0,0,41,15,60,62,0,0,0,3,0,0,88,30,0,80,0,56,0,37,0,85,82,0,0,1,0,0,12,9,36,48,0,0,0,1,0,0,85,15,0,81,0,31,0
27/3/2021,181,304,150,120,309,302,329,290,339,232,248,179,157,278,294,307,283,297,279,116,230,297,140,309,210,312,42,0,80,97,0,0,2,0,0,47,17,58,66,0,0,0,5,0,0,89,30,0,80,1,65,0,37,0,82,83,0,0,2,0,0,17,6,40,48,0,0,0,2,0,0,80,17,0,79,0,34,0
28/3/2021,182,304,139,125,305,301,330,293,342,231,248,181,145,272,297,307,278,300,277,114,226,299,140,309,202,312,46,0,86,93,0,0,2,0,0,34,15,61,74,0,0,0,7,0,0,85,36,0,76,1,67,0,35,0,84,85,0,0,2,0,0,25,8,43,52,0,0,0,2,0,0,82,16,0,82,0,40,0
29/3/2021,172,308,150,128,307,302,333,295,342,225,242,172,136,267,299,301,278,296,276,117,223,304,142,306,196,317,55,0,76,87,0,0,3,0,0,46,18,60,78,0,0,0,6,0,1,87,40,0,79,0,70,0,38,0,85,88,0,0,3,0,0,23,10,38,52,0,0,0,3,0,0,79,17,0,76,1,45,0
30/3/2021,170,309,143,135,306,301,335,297,344,224,243,165,129,267,298,304,272,299,273,119,211,298,149,302,195,318,59,0,85,81,0,0,3,2,0,48,20,58,75,0,0,0,10,0,1,81,40,0,77,0,68,0,36,0,82,89,0,0,3,0,0,27,11,45,62,0,0,0,4,0,0,81,23,0,73,1,47,0
31/3/2021,154,307,138,133,306,303,334,299,344,222,239,165,128,268,302,301,272,298,277,117,203,296,149,301,187,315,71,0,82,80,0,0,4,5,0,52,22,56,68,0,0,0,12,0,1,90,42,0,84,0,62,0,38,0,85,92,0,0,2,0,0,28,12,48,71,0,0,0,4,0,0,78,26,0,71,1,53,0
1/4/2021,152,301,133,130,306,294,330,300,345,216,235,165,126,272,308,301,271,294,279,113,195,294,144,300,189,320,73,0,92,81,0,0,5,5,0,57,26,56,70,0,0,0,14,0,1,85,51,1,92,0,60,0,37,0,85,95,0,0,3,0,0,27,13,50,68,0,0,0,4,0,0,83,29,0,67,1,54,0
2/4/2021,142,297,133,127,297,298,335,298,348,212,228,165,128,271,311,298,271,288,279,118,189,304,135,301,185,321,83,0,98,77,0,0,7,4,0,46,29,53,61,0,0,0,16,0,2,80,51,1,93,0,59,0,39,0,77,100,0,1,2,0,0,42,14,57,75,0,0,0,5,0,0,85,33,0,73,2,54,0
3/4/2021,137,296,137,128,297,293,332,300,345,217,233,167,136,277,314,303,264,285,280,131,180,301,138,298,179,315,86,0,97,82,0,0,10,4,0,48,29,49,69,0,0,0,19,0,3,73,56,1,96,0,58,0,37,0,75,93,0,1,2,0,0,43,18,58,63,0,0,0,5,0,0,81,33,1,69,2,54,0
4/4/2021,127,296,136,130,294,297,330,304,343,216,223,167,131,282,310,301,260,283,282,130,175,303,141,295,167,311,88,0,99,78,0,0,12,5,0,55,33,52,69,0,0,0,22,0,3,72,61,1,101,0,68,0,44,0,74,94,0,1,2,0,0,40,18,54,65,0,0,0,9,0,3,86,36,1,62,1,55,0
5/4/2021,121,299,134,135,292,294,320,304,346,197,225,167,129,279,308,300,261,284,286,132,170,299,139,288,163,310,87,0,102,76,0,0,16,7,0,62,32,58,67,0,0,0,27,0,3,71,68,3,100,1,70,1,53,0,74,91,0,1,3,1,0,46,17,52,69,0,0,0,10,0,5,83,37,1,64,1,57,0
6/4/2021,114,298,133,135,297,295,315,302,347,196,214,158,123,275,309,297,250,284,285,130,165,296,139,287,163,311,82,0,100,77,2,0,20,7,0,62,34,66,73,1,0,0,40,0,5,75,70,2,98,2,69,1,59,0,71,89,0,1,5,2,0,53,18,52,73,0,0,0,11,0,6,84,41,2,71,1,55,0
7/4/2021,116,291,127,132,292,297,311,304,345,187,207,148,126,277,310,295,245,293,285,129,153,292,138,288,165,309,86,0,99,79,2,0,22,5,0,70,36,74,73,1,0,0,45,0,5,74,79,5,94,2,72,1,54,0,76,87,0,1,7,3,0,52,20,52,73,0,0,0,13,0,5,88,45,3,74,2,57,0
8/4/2021,117,291,122,128,294,300,310,301,343,180,202,139,132,279,306,290,238,293,287,134,151,292,133,283,155,314,88,0,93,83,2,0,25,5,0,74,37,78,71,1,0,0,54,0,5,71,84,6,94,5,79,0,53,0,87,88,0,1,5,3,0,54,27,53,70,0,0,0,13,0,5,84,42,4,78,2,59,1
9/4/2021,108,295,124,136,292,299,294,304,343,174,199,136,130,282,304,292,230,293,283,133,153,291,136,279,156,310,85,0,91,88,4,0,37,4,0,76,38,79,72,1,0,0,56,0,6,70,85,7,92,9,72,0,59,0,89,77,0,1,5,5,0,55,28,54,69,0,0,0,19,0,5,82,46,3,81,3,68,1
10/4/2021,112,289,130,130,288,297,284,310,344,167,194,139,135,281,302,296,221,292,287,135,151,290,132,274,155,311,88,0,94,86,5,0,42,4,0,76,37,82,69,1,0,0,63,0,7,71,84,9,98,12,77,0,54,0,79,84,1,1,9,6,0,55,29,54,66,0,0,0,23,0,4,79,51,3,80,3,65,1
11/4/2021,111,290,133,135,281,304,273,307,345,164,192,131,138,280,297,299,219,297,286,133,154,286,127,268,157,310,88,0,93,84,4,0,44,6,0,81,38,81,69,1,0,0,62,1,6,72,82,9,104,15,76,0,58,0,81,81,1,1,18,5,0,53,31,65,64,0,0,0,30,1,4,78,50,2,75,5,60,2
12/4/2021,112,295,129,135,280,309,252,302,346,160,195,138,132,282,292,294,212,294,283,129,147,291,127,269,152,309,83,0,91,83,5,0,55,7,0,85,40,80,74,1,0,0,66,1,7,72,83,8,107,13,84,0,65,0,87,83,1,0,26,5,0,55,30,59,65,0,0,1,34,1,4,79,55,1,72,7,55,2
13/4/2021,114,299,119,132,280,304,234,309,346,158,188,143,130,283,292,297,198,290,284,129,141,290,126,269,141,308,80,0,100,85,4,0,72,6,0,80,44,80,71,1,0,0,76,1,7,70,82,9,109,15,88,0,66,0,84,86,3,0,26,6,0,62,29,58,70,0,0,1,35,1,6,82,60,1,72,7,58,1
14/4/2021,108,295,110,129,281,303,229,309,346,153,185,142,120,281,288,302,195,291,287,124,141,288,121,269,136,310,79,0,106,87,5,0,70,5,0,69,44,85,77,2,0,0,74,2,7,74,81,11,109,18,94,0,68,0,88,90,3,0,33,7,0,64,31,62,76,0,0,1,38,1,4,81,62,1,79,6,60,1
15/4/2021,110,285,103,129,280,300,225,306,346,143,185,134,114,279,291,306,187,290,291,129,134,283,121,268,136,314,78,0,116,89,6,0,68,5,0,69,50,88,78,2,0,0,74,1,7,73,85,15,103,14,99,0,72,0,88,86,4,0,40,6,0,72,27,58,80,0,0,1,45,2,2,78,64,1,84,12,66,1
16/4/2021,117,294,101,127,277,307,215,305,345,138,181,126,115,278,284,307,183,287,285,135,130,272,119,263,139,311,79,0,117,85,8,0,80,6,0,76,44,101,76,3,0,0,77,1,8,68,87,20,103,20,99,0,65,0,88,90,6,0,41,6,0,69,31,59,82,1,0,1,50,2,2,81,67,1,82,12,62,1
17/4/2021,114,292,98,135,268,311,200,301,348,133,181,121,113,274,283,305,183,295,281,134,131,267,117,266,136,312,79,0,111,78,11,0,88,7,0,82,42,97,76,4,0,0,72,0,7,74,85,27,100,20,103,0,72,0,97,92,6,0,43,5,0,66,35,74,77,2,0,1,55,3,3,74,68,1,87,13,61,1
18/4/2021,114,290,103,139,271,317,186,292,347,123,186,116,119,276,283,305,179,295,280,133,123,263,118,260,135,306,83,1,106,77,12,1,89,10,0,89,40,101,75,6,0,0,71,0,9,76,89,31,100,23,96,0,72,0,97,90,7,0,52,6,0,71,33,78,73,1,0,1,52,3,3,74,71,4,86,14,65,1
19/4/2021,117,281,104,144,268,321,175,287,345,120,187,113,114,280,285,309,186,287,270,132,124,257,125,250,137,311,77,1,100,78,12,1,89,12,0,95,47,104,79,9,0,0,70,1,12,74,84,33,98,27,93,0,74,0,111,87,8,0,61,5,0,65,34,76,70,1,0,0,48,3,3,75,74,10,83,16,68,1
20/4/2021,110,284,113,137,263,319,162,284,346,122,182,110,117,280,295,305,174,289,269,138,117,249,124,247,136,305,79,2,99,79,13,1,101,14,0,86,46,101,82,9,0,1,76,1,14,73,85,42,99,27,95,1,75,0,104,90,8,0,60,6,0,74,33,79,66,1,0,0,49,4,4,76,81,12,83,17,72,1
21/4/2021,115,283,116,138,262,319,151,281,346,117,181,105,114,276,292,305,170,289,265,135,113,228,118,234,121,306,78,3,104,88,13,2,101,13,1,91,54,105,80,12,0,1,84,1,19,79,83,52,101,34,103,3,73,0,97,78,8,0,71,9,0,73,37,76,74,2,0,0,53,4,3,73,87,18,82,18,76,1
22/4/2021,107,282,117,136,253,318,147,279,345,115,173,101,119,278,289,304,160,282,265,138,116,226,116,224,119,308,78,3,99,83,19,3,103,16,1,92,59,102,87,12,0,1,91,1,20,82,78,60,101,40,107,3,78,0,98,84,10,0,73,9,0,74,41,82,66,5,0,0,51,5,5,68,85,21,87,17,80,1
23/4/2021,103,289,121,129,250,311,144,278,338,107,169,101,112,275,294,294,152,282,259,141,115,216,112,215,114,305,80,5,98,83,23,4,103,14,5,94,58,96,84,16,0,1,97,3,26,80,77,61,104,46,105,3,80,0,98,89,8,1,80,13,1,76,44,87,72,6,0,0,57,5,7,70,86,32,88,18,86,2
24/4/2021,105,292,123,129,241,319,146,276,341,106,164,97,112,267,288,292,147,283,254,139,114,207,109,207,121,299,77,3,92,87,23,4,99,14,5,91,57,106,81,16,1,1,96,6,26,80,76,66,103,51,105,5,81,2,97,85,11,0,80,16,2,82,44,87,73,7,0,1,65,4,12,74,90,36,95,20,83,2
25/4/2021,103,290,112,129,239,315,138,274,339,112,162,99,110,267,290,292,140,282,257,140,111,199,111,209,124,292,81,4,105,78,27,4,100,13,6,90,59,99,83,18,1,3,94,8,22,80,80,74,101,49,101,9,79,2,99,93,10,1,84,18,3,83,49,87,73,7,0,1,73,3,13,76,89,34,94,21,79,2
26/4/2021,97,294,102,137,238,314,129,269,336,114,164,105,114,268,290,287,141,278,257,140,104,187,111,198,121,289,80,8,107,70,25,5,107,16,8,89,60,92,89,20,1,5,89,8,27,81,83,80,99,52,95,11,85,2,103,92,15,2,89,19,3,83,49,90,77,5,0,1,80,3,9,76,89,35,90,24,83,3
27/4/2021,97,290,98,136,233,318,121,261,333,106,161,105,114,264,282,289,142,274,247,136,113,176,118,200,120,295,78,16,101,66,31,5,108,18,11,91,64,93,90,23,1,5,86,9,30,85,82,84,98,52,91,16,86,2,109,95,17,2,92,17,4,88,49,89,78,10,0,1,82,4,12,80,82,37,85,25,86,3
28/4/2021,89,283,95,133,227,314,123,262,329,100,160,110,119,252,274,288,143,276,241,132,116,167,115,195,124,295,75,21,105,73,32,7,105,21,14,100,67,82,90,30,2,6,87,13,34,82,80,85,97,56,83,17,92,4,108,92,18,3,91,15,6,84,46,100,80,11,0,1,84,4,15,84,81,43,90,26,87,7
29/4/2021,97,274,98,137,224,305,113,255,324,96,163,110,125,251,284,284,138,271,232,139,114,158,113,187,123,288,72,26,106,74,36,10,114,34,17,103,59,87,88,30,2,7,88,13,42,80,80,96,91,56,85,20,87,7,103,83,22,4,90,14,7,83,50,96,78,14,0,2,84,6,17,80,84,43,94,33,89,9
30/4/2021,104,267,100,135,214,299,107,249,315,94,161,106,122,251,282,277,140,266,225,130,111,157,119,182,125,292,72,26,98,73,40,10,113,39,25,102,56,86,89,28,2,6,87,13,44,82,73,96,89,61,86,25,78,13,109,87,27,6,98,16,8,84,53,102,89,20,0,2,82,8,19,83,88,53,91,35,87,9
1/5/2021,99,256,105,139,206,300,109,240,311,98,159,97,123,243,286,269,139,264,219,129,109,149,126,175,128,290,69,34,97,68,47,14,110,36,27,99,65,87,85,34,3,8,90,17,50,86,68,96,85,63,81,25,83,16,109,86,25,8,102,21,10,87,54,105,90,19,0,3,84,9,22,82,94,59,89,37,82,10
2/5/2021,106,248,109,145,201,300,105,229,298,105,148,106,113,239,287,268,134,257,215,124,120,146,128,175,123,288,72,34,99,65,44,16,111,42,37,89,71,76,88,38,7,9,97,19,51,86,64,94,86,63,88,29,80,13,99,85,33,6,102,23,12,91,58,107,97,22,1,5,86,10,29,85,90,66,81,35,80,10
3/5/2021,105,246,117,142,196,299,97,224,289,104,143,120,126,231,283,267,134,253,214,117,124,139,133,164,119,284,69,33,88,70,50,18,120,47,44,93,77,73,83,41,6,11,101,24,54,98,65,98,86,67,84,30,81,16,96,81,36,6,99,23,11,97,55,99,94,31,2,4,81,8,27,84,85,68,76,39,82,17
4/5/2021,105,232,118,142,187,303,97,216,276,107,132,125,129,227,278,266,131,251,209,114,128,142,130,161,117,278,70,41,79,68,55,19,113,53,53,86,82,69,81,44,8,12,101,28,56,90,62,103,87,73,87,38,77,17,104,85,41,6,105,22,16,96,67,97,97,29,3,5,81,8,32,94,81,67,79,34,80,16
5/5/2021,104,230,122,144,177,297,103,209,264,115,128,127,128,220,273,261,131,244,199,120,125,141,127,156,116,270,70,42,80,72,61,19,109,61,63,79,81,72,87,48,13,14,103,36,64,86,58,104,90,75,83,41,85,15,96,81,42,10,105,24,18,93,75,97,92,32,4,6,81,8,36,92,82,72,77,37,79,17
6/5/2021,107,230,117,149,171,287,97,201,245,111,123,124,128,219,268,258,129,242,188,121,124,142,125,152,117,262,74,36,74,70,63,25,108,63,79,76,80,77,91,47,16,9,103,36,69,84,63,104,92,83,86,49,79,23,99,78,47,12,111,30,21,96,84,99,89,35,6,11,81,14,35,96,78,70,80,35,77,18
7/5/2021,111,225,112,146,162,287,100,190,233,109,120,135,131,216,264,252,136,243,184,124,123,146,126,151,121,261,70,43,70,64,71,27,102,67,87,76,79,73,91,50,16,10,89,40,74,83,73,98,80,81,86,52,81,19,108,85,47,12,112,35,26,99,90,92,85,31,9,12,82,16,32,96,74,78,87,38,73,19
8/5/2021,118,221,119,141,158,288,102,183,221,114,126,134,136,205,260,253,131,237,172,130,124,149,123,145,121,245,66,42,68,63,78,30,103,70,96,74,77,74,78,59,19,9,83,39,78,77,67,97,79,77,84,62,82,26,107,86,46,13,108,38,29,98,92,90,89,33,10,11,88,21,40,101,76,81,92,44,71,21
9/5/2021,113,215,128,139,154,285,109,178,208,115,130,144,133,197,259,249,121,231,164,132,127,152,122,138,121,233,68,47,60,67,83,31,96,73,106,73,76,66,77,56,20,13,82,47,85,76,70,94,80,82,79,69,83,26,105,85,49,16,105,37,30,96,90,92,90,45,13,10,96,24,41,100,73,79,94,45,75,26
10/5/2021,124,210,133,142,153,276,120,166,204,122,134,140,131,187,249,247,126,223,155,138,124,156,119,139,118,231,71,48,64,64,85,34,94,79,102,67,79,64,73,58,30,15,83,50,85,75,72,92,81,79,83,74,79,33,97,88,48,20,100,43,40,96,82,98,88,45,12,11,92,26,48,94,68,76,98,47,75,26
11/5/2021,112,206,139,154,144,267,120,160,187,126,135,143,136,189,241,246,133,211,140,138,130,146,122,139,117,223,73,55,61,64,95,36,94,86,104,68,70,65,78,61,34,17,77,53,93,76,69,96,86,74,80,74,84,35,94,81,51,24,99,46,53,94,85,93,77,41,14,13,90,31,55,88,66,76,98,55,80,32
12/5/2021,115,197,140,149,138,255,116,160,180,123,136,143,135,179,234,245,141,200,133,147,132,134,128,134,122,217,74,67,61,64,96,41,92,87,107,69,70,73,77,69,32,20,73,59,91,75,71,99,88,79,74,79,75,41,91,85,58,26,102,50,53,97,78,89,79,48,18,10,85,38,62,82,66,80,91,56,85,33
13/5/2021,114,197,147,151,133,259,119,150,177,131,134,148,129,179,225,240,146,194,131,144,137,139,123,135,125,208,77,67,60,68,92,40,85,89,106,63,74,73,83,73,40,26,74,58,91,79,71,91,89,80,71,82,70,41,90,80,64,25,102,56,60,97,80,77,77,42,18,7,80,46,64,77,66,87,97,56,84,38
14/5/2021,115,195,146,148,136,256,123,143,164,132,140,153,129,178,228,234,139,188,128,147,132,143,121,133,124,198,79,75,69,73,83,39,85,89,111,73,67,65,80,76,37,27,77,60,99,75,69,91,94,73,72,82,69,39,83,79,68,30,99,60,67,89,82,79,77,42,19,11,80,54,63,78,65,81,100,63,85,43
15/5/2021,105,188,150,154,145,248,124,145,160,141,136,153,134,174,220,230,135,186,120,150,129,136,127,134,126,192,78,75,61,80,83,47,87,81,113,70,72,59,76,78,35,27,74,63,95,65,72,89,89,76,73,83,77,43,82,70,63,36,97,64,66,80,80,86,83,45,26,12,89,53,72,82,64,90,99,63,87,46
16/5/2021,102,183,153,156,137,243,126,147,152,141,137,157,132,175,216,223,133,185,123,152,127,136,130,125,132,183,80,75,62,76,86,48,75,84,111,72,74,60,72,79,40,33,81,64,88,61,77,89,85,83,73,86,77,42,83,68,65,34,105,67,75,76,73,81,83,47,28,17,85,57,78,86,62,86,101,62,86,54
17/5/2021,109,171,153,152,143,236,122,142,148,150,136,154,132,173,206,220,131,180,124,153,127,137,132,125,131,174,75,82,57,78,83,50,66,88,107,68,72,59,73,80,43,39,78,65,86,63,75,89,88,90,68,88,82,41,88,69,60,39,108,68,81,73,77,80,81,57,36,19,90,61,86,85,62,86,94,56,91,57
18/5/2021,108,164,155,149,134,232,131,143,146,146,131,155,139,176,204,211,138,173,127,157,125,141,139,127,131,169,70,80,55,81,84,51,68,83,108,68,71,60,64,80,43,40,85,72,87,65,72,92,93,93,72,93,89,51,89,69,59,43,95,70,79,72,78,78,79,59,38,25,87,58,87,80,69,82,82,55,89,55
19/5/2021,115,161,161,152,134,225,134,148,141,149,132,156,138,177,204,214,140,171,126,153,130,138,138,126,130,166,71,76,53,76,78,49,65,80,109,68,66,62,61,77,43,45,77,65,87,65,71,93,87,87,69,95,88,54,82,70,64,48,92,69,82,71,81,75,79,64,38,25,95,64,89,87,70,82,86,64,87,58
20/5/2021,121,155,166,146,128,227,144,153,141,154,138,154,130,172,198,210,146,170,127,155,130,146,135,122,132,152,63,84,49,74,87,48,57,73,101,68,61,70,62,80,45,47,81,63,88,69,73,87,86,86,66,102,93,57,76,75,64,50,91,72,87,72,81,69,80,68,44,28,85,61,84,86,72,78,90,68,86,59
21/5/2021,125,147,167,146,126,218,151,159,145,158,140,157,132,169,194,206,137,167,137,159,127,151,135,122,139,148,65,88,49,71,76,54,53,70,99,62,49,68,64,81,54,53,87,70,86,71,68,80,90,82,65,99,92,57,75,76,71,45,92,73,87,75,87,65,72,67,43,32,90,60,85,81,77,78,89,66,81,66
22/5/2021,131,147,169,145,122,210,158,161,137,162,147,150,128,164,198,200,132,169,142,158,129,153,137,122,140,142,65,88,53,73,76,61,53,68,98,63,52,68,61,85,52,57,94,73,73,73,66,78,91,81,65,99,86,57,70,76,73,42,85,77,95,76,81,65,76,69,41,32,90,53,90,79,78,82,88,66,77,75
23/5/2021,132,139,170,155,121,210,163,164,137,162,160,147,127,162,192,207,134,165,145,159,132,152,146,120,141,144,58,91,53,68,71,64,52,69,95,71,46,67,61,88,54,59,85,71,71,71,64,80,84,87,67,88,89,62,66,72,71,46,84,75,100,66,75,64,80,65,44,26,97,59,84,81,76,85,88,66,77,79
24/5/2021,136,139,169,159,118,208,174,168,134,159,152,149,123,155,180,203,135,169,146,158,137,151,148,129,147,143,62,91,58,67,73,62,49,73,97,70,50,61,61,83,60,64,84,67,67,76,62,77,81,82,62,87,81,67,62,70,73,51,76,67,100,66,79,66,79,75,49,27,97,61,79,77,74,87,93,66,80,81
25/5/2021,136,142,165,160,117,208,175,173,143,160,150,152,127,155,176,199,139,168,150,161,142,163,143,128,145,136,60,92,59,67,78,61,46,72,98,68,48,63,56,78,62,66,83,65,62,74,60,72,82,84,66,89,82,64,62,68,72,50,77,67,91,68,79,65,86,82,52,30,96,61,82,77,70,80,93,62,79,79
26/5/2021,134,136,160,159,127,199,175,172,145,151,156,144,138,158,187,195,144,161,149,155,143,148,143,124,148,135,56,93,59,70,78,63,45,71,96,71,48,73,60,81,61,67,91,66,65,76,61,84,87,85,64,83,82,66,63,67,69,53,77,68,90,75,74,62,81,80,50,34,83,62,86,80,66,79,88,64,78,81
27/5/2021,133,130,161,155,130,201,174,171,147,155,155,146,136,154,186,197,146,162,154,155,144,149,153,126,152,133,60,94,56,74,78,63,51,77,90,73,56,69,60,77,62,63,88,72,65,75,55,83,83,83,68,80,79,68,61,69,69,51,73,67,93,76,70,57,83,86,53,38,78,55,81,82,72,80,83,67,69,78
28/5/2021,131,122,165,158,129,197,173,170,146,164,158,143,139,157,183,194,154,159,150,157,148,150,156,131,153,131,59,92,50,74,81,68,51,75,93,77,55,65,58,77,61,61,82,72,60,78,54,77,81,81,71,85,78,73,63,69,67,49,71,70,91,68,68,61,78,80,55,48,77,61,92,74,76,83,85,68,59,78
29/5/2021,136,122,165,160,131,192,175,174,146,165,160,141,136,157,181,199,151,152,152,164,147,156,145,125,151,138,55,90,51,68,77,76,49,62,88,77,55,66,61,81,62,60,86,76,62,72,56,75,94,87,63,84,78,72,66,71,71,47,72,73,95,68,64,65,77,80,56,46,72,63,86,74,74,81,81,67,66,79
30/5/2021,141,120,167,162,138,191,170,175,154,161,166,145,142,158,181,202,155,154,154,163,144,148,137,125,149,139,54,87,53,64,79,79,54,65,86,79,53,60,59,77,61,57,89,78,65,75,57,69,98,79,69,82,79,76,62,72,68,51,69,67,91,64,62,69,73,80,55,49,63,65,81,74,74,89,84,73,63,76
31/5/2021,141,115,167,162,144,184,163,168,146,160,169,151,150,157,179,203,159,155,147,162,148,138,134,128,144,146,54,94,54,68,81,82,58,67,86,74,52,61,56,75,62,61,88,74,65,78,53,66,99,73,71,71,75,75,60,69,66,53,68,69,99,66,61,66,67,82,57,48,63,74,84,73,78,85,88,78,65,86
1/6/2021,150,122,165,161,139,177,166,171,147,152,168,157,149,156,187,199,167,160,146,169,148,134,139,128,141,152,52,87,58,69,80,78,60,63,78,73,55,58,61,69,62,62,84,72,67,79,51,69,92,71,75,73,72,74,56,71,71,52,65,77,104,67,63,67,62,90,55,50,67,71,77,62,78,81,89,80,66,83
2/6/2021,155,120,170,162,140,172,168,170,150,152,168,160,149,156,184,197,157,158,151,162,153,144,143,130,143,157,52,84,56,68,76,73,66,66,85,78,50,56,59,70,66,59,84,71,70,88,45,71,94,67,68,75,71,73,55,71,70,57,60,79,96,66,61,68,61,85,56,55,71,76,74,59,75,76,83,80,71,81
3/6/2021,153,120,170,160,150,174,172,174,159,153,175,158,150,159,179,198,157,152,150,162,158,147,146,126,143,159,53,87,58,67,77,74,65,64,81,76,46,58,54,65,65,66,80,74,69,86,46,71,92,71,65,72,70,70,51,75,63,57,59,74,91,69,59,70,62,91,59,49,71,71,75,60,71,73,84,79,76,83
4/6/2021,147,129,175,160,146,173,164,174,163,156,175,166,159,173,181,188,160,151,153,163,162,147,143,127,141,158,56,82,60,64,77,69,67,61,74,74,49,57,48,65,62,68,78,78,66,82,47,69,94,78,68,70,72,74,46,77,69,60,62,78,92,61,53,69,60,83,61,53,76,64,75,63,68,74,83,74,72,82
5/6/2021,150,131,167,168,149,169,169,177,161,159,175,167,169,178,176,183,157,151,157,153,162,146,138,131,142,158,61,84,63,60,83,73,64,59,78,72,46,58,45,60,62,67,75,71,58,76,42,69,91,78,68,73,66,72,47,77,67,56,58,75,89,62,58,64,61,88,60,59,73,68,79,75,71,72,88,74,76,84
6/6/2021,156,132,164,175,151,170,174,176,166,158,176,172,165,183,173,185,157,156,159,158,171,145,141,129,142,166,58,78,62,57,86,69,62,55,81,70,42,60,48,61,66,62,77,71,58,72,37,71,86,76,69,75,61,82,48,73,61,60,55,75,83,66,58,62,60,81,55,62,74,63,81,75,69,70,93,76,68,78
7/6/2021,155,137,169,180,150,172,178,181,173,154,176,171,165,185,173,185,158,163,157,158,173,148,152,133,150,168,60,74,66,58,83,71,63,54,77,77,40,60,50,65,69,67,77,67,67,69,39,60,77,73,65,75,61,84,45,69,64,59,53,69,80,61,58,57,55,73,49,61,75,61,78,76,66,73,89,74,67,74
8/6/2021,156,145,171,179,157,177,172,184,169,149,175,179,171,183,173,185,168,160,149,160,174,147,160,137,162,172,59,70,66,55,82,64,64,47,79,73,44,52,51,61,62,67,73,71,71,71,41,61,73,74,55,76,56,79,50,73,62,67,59,71,83,67,52,60,55,72,50,62,70,61,76,66,61,74,86,71,66,73
9/6/2021,159,144,171,180,159,187,178,192,175,150,177,178,169,185,173,185,169,155,150,160,169,152,159,140,167,177,50,68,63,49,85,64,61,44,77,70,41,51,53,58,57,62,67,71,68,75,45,56,72,71,51,72,59,81,52,77,63,59,58,69,79,69,51,64,59,76,54,68,72,62,76,63,60,70,87,73,63,73
10/6/2021,161,154,176,183,157,192,180,192,179,144,175,176,170,183,174,188,164,160,146,162,168,156,168,144,175,176,46,60,63,51,83,62,63,53,73,77,39,55,50,60,55,65,67,63,65,73,45,56,67,67,46,70,57,77,48,72,63,61,55,59,83,62,58,60,64,74,56,65,76,65,82,62,61,70,86,73,62,70
11/6/2021,165,159,171,187,160,199,182,188,179,146,173,186,168,184,185,188,170,165,148,160,168,161,176,150,181,177,48,66,57,48,78,55,61,48,74,69,37,56,47,59,53,61,64,67,60,65,43,55,57,64,47,78,56,64,56,73,67,66,60,63,80,64,60,52,72,72,52,67,75,60,84,70,60,61,83,71,56,61
12/6/2021,169,165,175,198,160,200,186,190,182,152,172,183,169,188,182,188,163,165,154,160,168,167,180,146,186,177,45,64,54,42,77,52,62,54,76,62,38,50,48,58,61,58,66,63,62,59,38,58,59,64,49,66,55,61,61,68,63,69,57,59,75,63,58,57,74,76,46,65,80,59,76,76,61,58,72,73,54,72
13/6/2021,166,175,174,205,163,202,187,196,177,156,175,179,171,192,178,181,166,169,152,167,172,168,185,155,183,176,47,57,55,41,77,53,64,53,76,58,40,48,50,54,57,65,63,63,61,61,39,54,60,60,56,64,56,59,62,63,63,69,53,56,77,63,58,53,72,80,53,62,78,54,76,69,56,61,64,69,53,73
14/6/2021,170,173,185,208,164,199,190,200,181,153,184,183,180,193,180,179,168,171,152,173,177,174,187,158,173,180,44,57,56,41,70,53,56,50,69,61,40,46,47,57,54,70,63,60,62,54,41,48,58,58,58,68,54,59,55,57,68,67,60,58,81,66,51,52,66,74,56,62,75,52,74,70,48,60,64,70,53,70
15/6/2021,172,176,178,210,171,208,190,204,184,162,189,177,185,200,184,178,171,177,158,181,177,174,183,158,174,182,44,55,56,46,69,48,60,48,61,61,40,46,39,55,55,70,67,53,53,50,41,46,61,62,50,65,54,57,58,51,61,62,58,61,85,64,45,51,67,69,53,61,67,53,78,68,47,61,67,64,62,70
16/6/2021,174,177,193,211,171,206,190,205,186,169,193,173,187,206,193,181,174,173,155,178,176,169,176,163,179,182,39,54,53,46,67,49,59,51,61,57,41,46,34,48,51,71,61,51,47,51,43,51,64,56,46,63,59,58,54,51,63,59,60,62,78,62,45,49,69,73,52,57,69,58,84,69,47,59,68,62,60,71
17/6/2021,178,179,195,205,176,206,186,202,185,172,202,174,195,209,193,183,176,180,166,184,175,169,179,163,178,185,36,53,49,46,67,48,61,51,63,54,45,44,32,47,48,70,61,50,49,43,43,48,62,56,42,64,61,56,49,56,60,56,61,66,79,64,42,50,71,74,58,57,64,52,71,73,43,59,63,59,57,70
18/6/2021,172,182,194,209,179,211,192,200,193,184,205,178,204,213,194,186,181,190,171,188,177,168,185,170,184,181,37,47,48,45,61,48,57,48,58,52,46,42,33,43,48,67,60,45,45,46,40,49,66,52,40,66,61,61,50,49,65,54,60,68,76,59,46,45,65,73,55,55,60,48,69,68,43,56,56,55,50,71
19/6/2021,171,187,194,211,176,214,196,204,192,185,198,181,217,210,199,182,181,190,177,197,177,175,189,167,193,178,37,45,47,45,60,42,56,48,57,55,43,39,33,39,42,63,51,45,43,43,38,55,64,50,39,65,63,60,50,48,66,57,56,66,80,55,47,44,54,74,57,61,58,49,73,62,43,57,55,58,50,70
20/6/2021,179,192,195,208,185,218,199,209,196,187,195,186,220,203,207,178,183,190,186,198,174,184,193,165,197,178,33,44,47,44,55,41,54,45,59,53,43,37,28,40,40,60,54,45,43,46,38,53,62,50,35,55,65,56,53,51,63,53,59,65,75,54,54,45,52,72,55,67,52,50,65,56,41,57,51,57,47,74
21/6/2021,178,186,197,212,189,219,204,215,204,191,191,191,222,205,212,186,180,203,188,197,175,189,196,168,197,176,35,48,48,41,54,40,49,47,54,55,40,36,30,40,39,55,54,40,43,42,41,51,60,50,36,53,63,51,51,54,65,54,59,61,77,50,54,42,44,65,51,65,48,48,66,58,40,51,50,57,47,75
22/6/2021,186,190,200,212,190,217,205,221,212,192,193,193,227,214,221,194,180,209,196,197,175,189,197,170,191,178,32,42,46,40,51,36,44,49,49,63,42,39,31,39,39,53,57,35,43,43,34,51,60,47,35,50,63,52,48,53,68,52,63,57,73,47,51,38,38,60,49,61,47,43,62,57,43,49,49,56,46,74
23/6/2021,193,187,201,214,192,223,205,220,221,193,196,197,230,219,225,196,183,209,201,195,180,193,197,173,191,189,30,46,47,42,48,42,45,47,46,57,40,35,28,42,37,47,57,33,44,40,35,54,57,41,33,50,59,51,49,52,68,41,58,54,67,49,48,40,38,56,48,59,45,42,58,57,38,50,49,57,47,72
24/6/2021,200,188,202,216,194,223,208,223,224,186,193,197,228,215,234,199,187,221,209,199,180,186,195,177,200,195,29,44,47,42,46,44,44,43,42,57,36,30,30,41,42,42,55,30,42,39,37,55,50,35,28,45,50,51,57,49,66,38,51,52,67,53,52,41,38,58,41,63,43,44,56,52,42,50,55,61,49,65
25/6/2021,205,196,201,218,209,224,217,226,229,187,198,202,235,215,244,198,186,228,213,205,175,189,196,180,200,189,25,46,45,41,42,42,42,40,43,51,32,29,28,37,41,39,53,30,36,37,31,53,48,30,23,52,49,46,58,50,61,36,47,51,59,58,56,43,37,60,39,61,43,39,56,47,49,45,55,59,50,63
26/6/2021,213,197,200,228,207,230,223,221,228,186,204,202,236,218,243,201,185,234,213,207,175,199,200,184,203,196,23,43,50,35,38,40,40,41,41,53,29,27,28,36,44,39,52,31,40,37,33,45,46,27,27,50,40,44,51,49,65,34,49,51,59,56,51,45,34,54,41,61,40,41,53,44,46,42,57,55,45,63
27/6/2021,217,202,199,228,210,231,225,228,239,182,207,212,238,224,246,203,190,233,211,214,177,199,201,189,207,198,19,40,51,31,38,40,41,37,41,50,26,29,23,37,41,37,46,32,39,33,31,44,46,26,22,51,43,44,49,49,63,33,47,47,49,57,45,39,35,47,42,57,45,43,54,45,42,38,58,54,49,63
28/6/2021,224,207,209,227,217,229,225,223,233,186,215,210,240,234,252,210,194,236,209,216,178,199,195,191,210,203,18,36,49,29,38,35,35,37,45,42,26,27,22,33,42,31,40,36,41,34,32,40,49,21,23,49,44,44,43,51,52,35,49,46,49,59,43,38,33,45,40,55,49,40,56,44,40,45,56,51,48,61
29/6/2021,224,209,209,228,218,227,229,225,234,192,210,210,245,245,257,212,203,231,211,224,180,203,195,196,212,214,17,38,41,28,35,30,35,36,43,37,24,22,20,33,40,31,41,35,39,33,32,34,49,20,22,54,41,43,46,52,54,39,45,42,50,65,43,42,37,41,41,53,41,42,57,39,36,41,55,50,44,47
30/6/2021,229,214,201,225,221,228,235,234,232,191,206,219,236,246,252,214,206,237,219,231,183,205,197,200,220,210,16,37,40,27,30,27,34,33,45,34,24,25,21,32,36,34,38,34,36,30,28,32,48,17,22,52,42,42,47,52,57,43,44,42,49,66,39,37,36,43,42,49,39,38,55,41,36,40,55,49,41,51
1/7/2021,238,222,205,225,217,235,234,234,238,204,205,221,230,247,252,215,207,246,224,237,186,200,192,202,225,220,17,31,40,32,34,28,36,34,43,34,24,23,21,30,32,31,39,34,33,25,25,34,47,16,21,54,38,40,48,46,52,37,46,38,44,54,41,35,35,40,44,51,39,38,55,39,38,39,56,45,40,41
2/7/2021,237,224,215,225,227,239,231,239,244,215,201,223,231,252,255,218,202,246,223,234,192,209,195,209,230,218,15,28,36,33,33,26,32,33,39,31,27,23,21,27,31,28,36,30,36,26,27,33,41,15,22,51,36,41,49,47,50,35,48,35,40,51,35,34,32,42,42,49,39,40,55,36,36,33,60,41,35,43
3/7/2021,238,225,216,230,237,242,231,237,251,216,202,231,236,254,252,218,199,250,231,228,198,208,203,209,231,227,13,26,38,33,31,26,32,30,38,25,26,23,19,27,32,24,39,29,28,31,24,32,42,16,21,48,34,43,42,42,47,35,48,37,35,54,31,32,29,37,41,50,35,38,57,34,36,39,55,41,35,38
4/7/2021,241,226,215,230,236,249,233,236,253,218,194,236,241,260,256,222,195,253,233,234,205,209,206,214,236,222,13,25,34,30,28,25,31,28,35,23,25,24,20,28,35,24,41,33,27,32,20,30,38,18,22,42,32,42,45,41,50,34,45,40,37,54,30,29,29,29,36,48,31,36,56,31,31,43,53,37,34,41
5/7/2021,247,231,216,231,238,249,233,241,256,226,198,233,247,260,264,223,195,253,239,236,207,213,207,217,237,220,10,23,34,29,23,23,32,24,37,22,23,23,19,27,33,21,38,33,27,32,23,31,35,14,17,46,33,39,45,40,49,30,44,43,30,51,28,32,26,30,36,51,35,37,51,29,26,39,51,33,38,36
6/7/2021,254,235,222,226,244,250,238,245,258,226,196,232,245,256,268,230,194,251,247,241,210,218,210,215,240,215,9,23,34,28,24,25,30,21,34,21,23,25,18,28,31,17,36,32,22,30,21,29,32,14,17,45,27,33,44,39,40,32,43,40,35,51,29,29,27,27,37,48,37,40,51,30,24,39,53,34,35,39
7/7/2021,253,235,231,224,250,249,245,246,257,225,199,232,244,257,270,235,204,259,249,248,216,219,212,217,241,217,7,21,34,27,21,27,31,20,34,20,22,25,17,28,31,16,35,29,24,29,21,33,35,14,16,42,29,34,37,39,36,31,38,37,33,48,32,30,24,24,33,44,34,37,48,27,22,34,47,32,32,43
8/7/2021,257,238,233,227,248,251,245,246,261,231,204,237,244,255,273,238,207,256,255,250,223,228,213,223,236,217,5,17,34,23,19,27,31,23,29,19,20,24,17,30,31,17,36,32,24,22,20,28,29,13,15,42,26,36,36,41,35,30,34,31,34,46,29,30,20,24,33,40,29,36,44,31,22,35,54,28,31,40
9/7/2021,257,244,240,231,244,254,250,255,260,232,209,231,254,253,273,244,209,258,258,247,222,231,219,226,243,215,7,15,30,21,18,24,27,16,27,17,19,23,18,29,29,14,40,30,23,23,16,26,24,12,14,39,25,32,38,38,35,29,37,35,37,43,27,30,18,23,33,41,29,32,41,32,24,35,48,26,29,41
10/7/2021,258,253,239,235,242,258,249,265,268,238,206,236,248,256,269,243,212,257,265,251,229,232,228,224,239,221,7,17,28,16,20,22,26,17,27,19,15,21,20,26,27,13,38,30,24,24,13,26,21,10,12,35,24,28,40,38,33,29,35,31,33,40,30,30,18,23,34,38,28,34,37,28,23,31,45,26,29,38
11/7/2021,261,265,242,234,245,267,251,266,275,243,208,234,247,257,259,248,209,261,268,256,232,232,228,225,241,225,5,16,23,16,19,21,27,17,24,21,16,18,22,23,29,13,33,32,21,23,13,24,21,9,12,32,23,26,41,36,33,26,31,29,29,37,31,31,17,23,34,33,33,31,38,27,22,27,46,23,25,37
12/7/2021,263,270,250,239,243,265,247,269,276,247,207,237,250,256,258,247,214,268,274,256,236,237,231,226,244,225,4,16,18,14,20,19,24,17,22,18,15,17,21,22,27,11,32,27,15,22,12,23,21,8,12,28,22,26,40,33,31,28,35,28,30,37,32,27,19,23,35,31,32,31,38,28,22,24,39,24,22,41
13/7/2021,262,261,257,238,241,262,247,272,275,255,222,226,255,260,273,249,218,266,269,259,242,244,233,228,243,226,5,17,21,13,17,17,22,17,22,16,17,16,20,19,26,11,28,25,12,22,10,24,21,8,11,26,18,25,36,31,32,27,33,26,30,36,26,26,18,24,31,31,36,26,38,28,21,26,38,23,22,44
14/7/2021,264,260,257,240,238,264,256,277,282,257,230,235,256,256,273,250,219,269,263,259,243,255,233,229,247,232,5,16,22,13,17,15,21,17,18,14,16,16,17,15,29,11,27,28,13,21,8,20,19,9,10,24,15,23,32,30,32,26,29,22,28,37,22,23,22,26,28,26,35,24,36,25,21,28,39,23,19,42
15/7/2021,269,265,260,246,239,267,254,277,285,257,233,236,258,260,270,257,225,270,267,261,241,253,232,229,251,238,5,12,23,12,16,17,19,16,13,12,15,14,13,14,30,9,26,26,12,20,8,19,17,9,8,21,16,25,30,28,30,26,31,19,31,36,19,24,26,25,26,25,33,22,35,22,18,30,37,20,21,37
16/7/2021,274,270,263,248,247,265,260,279,288,258,236,243,257,264,268,261,224,256,270,259,240,259,231,231,250,242,5,11,17,11,15,17,17,13,12,10,11,13,12,13,30,9,25,24,12,18,5,17,16,8,9,18,15,23,32,28,30,26,28,22,26,30,21,22,25,29,25,23,35,25,33,25,20,31,38,19,21,35
17/7/2021,272,275,265,253,247,268,262,284,289,262,240,247,253,269,269,262,233,255,272,258,241,261,237,232,250,250,5,11,15,10,14,19,19,8,11,10,7,14,12,13,28,9,20,19,9,16,5,21,15,7,8,18,17,24,31,26,26,24,26,24,25,28,24,21,24,30,21,20,33,27,29,26,18,23,34,18,20,30
18/7/2021,273,276,263,256,244,265,267,285,293,262,252,258,260,276,276,265,233,251,276,260,241,263,236,233,246,248,5,8,17,9,15,16,18,7,10,10,7,14,12,13,26,9,17,18,8,14,5,21,15,7,9,20,17,24,28,23,25,24,24,25,24,28,19,19,23,26,22,21,32,27,26,26,15,24,32,15,17,24
19/7/2021,276,275,266,264,244,265,274,287,296,263,252,261,260,270,278,268,241,250,273,255,245,262,242,238,248,257,5,7,18,10,16,16,14,6,11,9,10,12,11,11,18,8,15,18,8,13,5,21,15,5,8,21,16,26,24,20,23,20,24,24,22,24,17,15,20,27,26,21,30,28,24,26,13,24,28,16,19,20
20/7/2021,276,287,268,265,244,265,272,283,300,259,263,262,266,275,285,268,243,246,274,255,247,264,243,234,255,264,4,8,17,10,14,14,12,8,10,8,9,11,9,12,16,8,15,13,7,12,5,23,14,5,5,16,15,25,22,20,24,17,22,21,20,25,18,14,19,24,27,18,29,31,19,26,12,21,27,17,15,22
21/7/2021,281,289,272,267,245,265,276,287,301,267,271,255,272,279,296,266,242,246,275,252,248,269,245,234,251,262,3,6,16,11,13,12,10,8,10,8,7,12,8,13,14,7,14,11,6,10,5,24,11,5,4,13,12,23,21,20,23,16,21,17,18,22,16,13,19,21,24,17,31,30,21,26,12,20,24,16,16,25
22/7/2021,281,296,270,269,247,263,278,288,305,265,273,258,276,279,297,266,243,249,279,254,249,268,246,237,255,266,2,6,14,11,14,13,9,6,8,7,8,11,7,12,10,6,14,10,4,6,6,23,9,5,3,12,11,21,20,19,22,18,20,16,19,23,14,11,19,20,24,15,28,26,22,28,12,21,23,15,18,20
23/7/2021,279,288,271,272,244,261,283,289,305,264,266,259,282,283,304,271,243,250,281,253,256,269,248,242,263,270,1,6,12,10,15,11,7,6,7,7,10,10,6,13,9,6,13,10,3,6,6,22,9,4,3,12,13,21,15,18,20,18,16,15,19,19,15,14,14,19,23,15,30,23,20,26,10,24,21,13,17,20
24/7/2021,282,289,276,271,244,266,282,292,305,259,264,264,284,285,304,271,251,255,282,255,254,274,248,246,267,269,1,8,12,10,14,9,8,5,7,5,10,6,3,11,8,6,13,7,3,5,6,21,8,4,4,11,12,17,13,18,16,17,14,15,19,20,15,13,16,19,22,14,28,26,21,25,9,23,21,10,14,17
25/7/2021,287,288,273,268,248,268,288,294,305,260,263,265,287,285,304,273,257,258,285,261,253,270,249,249,270,271,2,7,11,10,12,8,7,4,7,5,7,6,2,9,7,6,13,5,4,5,6,20,8,4,4,9,11,18,13,17,20,16,14,16,18,17,16,11,13,18,21,13,24,24,20,23,8,23,18,10,11,18
26/7/2021,286,289,272,268,254,268,283,297,306,260,264,269,289,290,303,274,262,259,291,264,255,267,255,244,266,275,2,8,12,8,11,8,7,4,7,6,6,6,2,7,6,4,12,6,5,5,6,19,8,4,4,9,12,15,12,18,18,15,15,16,17,18,14,7,14,15,20,14,23,23,18,21,6,22,14,10,11,18
27/7/2021,284,290,273,271,251,271,287,300,307,258,260,269,293,290,307,274,263,263,293,264,254,270,257,246,271,277,2,8,11,7,9,8,8,5,4,6,5,6,2,6,6,4,9,6,4,5,6,18,8,4,4,8,11,14,12,17,19,12,14,12,19,17,12,7,14,14,16,12,25,21,17,19,6,23,14,10,10,19
28/7/2021,284,288,275,275,248,280,290,299,305,254,258,274,298,294,309,277,264,264,291,262,256,279,257,253,271,275,2,6,10,6,8,7,8,5,4,6,5,5,1,5,5,5,7,6,4,3,6,15,6,4,4,7,10,15,10,14,17,10,12,11,18,16,12,8,14,14,15,9,26,18,18,21,6,24,15,7,10,18
29/7/2021,289,288,274,278,246,281,293,295,304,251,265,281,299,294,314,281,263,268,288,264,254,283,257,260,273,277,2,6,9,6,7,5,6,6,3,6,4,4,1,6,5,5,7,6,4,3,6,12,6,4,2,6,9,12,10,11,18,11,12,9,16,17,11,6,14,14,13,9,25,16,16,18,5,26,14,4,9,16
30/7/2021,287,290,272,274,245,284,292,292,308,254,264,285,301,294,318,276,264,272,290,267,255,291,263,265,272,277,2,3,8,5,5,5,5,6,2,5,3,5,1,6,6,2,6,5,4,3,5,10,6,4,2,3,6,12,9,12,19,9,13,9,16,16,11,4,14,13,11,12,24,14,15,17,6,26,11,4,9,17
31/7/2021,290,285,272,278,242,286,293,290,310,256,269,280,311,295,318,278,266,273,293,266,253,304,260,264,276,279,1,3,8,5,4,4,4,4,2,4,2,6,1,5,5,2,5,5,4,2,5,11,6,4,2,4,7,11,8,11,18,9,13,9,13,12,9,5,12,13,12,12,18,11,13,17,5,26,11,4,8,16
1/8/2021,290,288,269,277,241,288,296,288,311,263,274,279,315,291,317,281,268,281,292,271,258,304,258,265,267,284,1,3,8,4,3,4,3,4,2,5,2,3,1,4,4,2,4,4,3,2,3,10,5,4,2,4,8,11,8,11,17,9,12,8,11,9,9,7,11,12,11,11,18,13,14,16,6,22,9,4,8,13
2/8/2021,292,293,270,280,244,290,295,295,314,264,276,279,312,290,313,283,270,278,295,272,262,307,257,267,269,279,1,2,7,3,3,5,3,4,1,5,1,3,1,4,2,2,4,4,3,2,3,7,5,4,2,4,8,11,9,9,14,6,12,8,11,7,9,5,9,12,13,10,17,11,13,15,6,20,9,3,9,11
3/8/2021,288,288,273,278,241,285,294,299,316,265,270,280,318,297,314,287,271,278,298,278,261,312,259,271,268,284,1,2,6,3,3,5,3,4,0,5,1,3,1,4,2,2,4,3,3,2,2,6,5,4,2,2,6,11,9,8,13,6,10,5,11,6,9,5,7,10,13,9,13,11,12,13,7,20,9,3,9,12
4/8/2021,289,295,277,276,247,280,300,300,318,264,272,282,314,292,317,283,272,280,300,282,261,313,264,275,263,286,1,1,4,3,3,4,3,4,0,5,1,3,0,3,2,2,4,3,2,3,2,6,5,4,2,2,4,12,9,7,11,7,9,4,10,6,9,5,8,9,10,10,12,9,11,13,6,16,8,2,7,10
5/8/2021,290,301,279,277,249,278,301,304,321,263,273,277,314,288,306,279,270,280,301,283,263,320,264,276,267,294,1,1,4,2,3,3,3,3,0,4,2,3,0,3,2,2,4,3,1,2,2,6,5,2,2,3,3,11,8,7,9,5,9,5,10,6,9,5,7,9,10,10,12,9,12,13,6,15,8,3,7,6
6/8/2021,284,302,275,280,247,281,300,299,322,266,274,279,322,285,306,280,274,286,306,283,265,327,264,277,261,294,1,1,4,2,3,3,2,3,0,4,2,3,0,3,2,2,4,3,0,2,1,5,5,2,2,3,3,11,8,6,8,5,9,4,8,6,7,4,7,10,8,9,8,9,12,13,6,13,7,3,7,6
7/8/2021,285,304,275,282,247,285,302,301,322,265,276,279,323,283,302,279,270,291,307,285,262,332,268,275,262,293,1,1,4,1,3,3,2,3,0,4,2,3,0,3,2,2,3,2,0,3,1,4,4,1,1,3,2,10,6,5,8,4,8,4,8,6,7,4,8,8,8,8,9,9,11,10,5,13,7,4,8,7
8/8/2021,284,314,278,280,245,288,299,304,323,251,272,280,325,286,300,282,271,291,307,289,262,329,271,277,278,292,1,1,3,1,2,3,2,3,0,3,2,3,0,3,2,2,3,2,0,3,1,4,4,1,1,2,1,9,7,5,7,3,7,4,9,7,8,4,7,6,7,7,7,9,8,9,5,12,5,2,7,6
9/8/2021,287,314,276,278,247,280,300,309,322,252,275,281,328,290,305,286,271,285,299,293,261,326,271,282,277,296,1,1,2,1,2,3,2,3,0,3,2,3,1,3,2,2,3,2,0,3,1,3,2,1,0,1,1,7,6,4,6,3,7,4,9,7,10,4,6,6,7,6,7,9,7,8,3,12,7,1,7,6
10/8/2021,285,317,279,277,245,280,301,313,320,255,272,281,335,296,308,286,278,280,306,294,256,328,274,283,273,291,1,1,2,1,2,2,2,2,0,2,2,2,1,2,0,2,3,2,0,3,1,3,2,1,0,1,1,7,4,4,8,6,7,2,7,8,9,5,5,8,4,6,5,8,5,7,3,9,5,0,7,5
11/8/2021,283,322,284,278,252,291,300,312,320,260,276,280,334,295,297,291,274,276,300,292,260,329,274,288,271,294,1,1,2,1,2,2,2,1,0,1,2,2,1,2,0,1,3,2,0,3,1,2,2,1,1,1,0,6,4,4,6,4,6,2,6,7,7,5,5,6,4,3,5,8,4,7,3,9,5,0,7,5
12/8/2021,287,319,287,281,262,293,300,308,323,268,275,280,323,286,300,292,270,280,299,287,262,329,281,288,269,298,1,1,2,1,1,2,1,1,0,1,2,2,1,3,0,1,1,2,0,3,1,2,2,1,1,1,0,6,5,4,6,4,6,1,5,6,5,5,6,6,2,3,7,6,4,5,2,7,3,0,7,6
13/8/2021,294,324,287,283,267,290,298,306,323,267,283,284,320,286,298,291,271,278,294,286,261,326,282,288,270,301,1,1,2,1,1,2,1,1,0,1,1,2,1,3,0,0,1,2,0,3,1,2,2,1,0,1,0,5,5,4,6,3,6,1,4,5,7,5,6,4,2,4,4,6,4,5,2,6,3,0,7,5
14/8/2021,300,330,282,284,265,291,295,304,325,261,283,282,320,288,299,292,278,274,296,286,260,325,286,288,271,302,1,1,2,1,1,2,1,1,0,1,1,2,1,3,0,0,1,1,0,2,1,2,2,0,0,1,0,5,5,3,6,2,6,1,3,4,5,6,5,4,2,4,3,6,4,6,2,7,3,2,6,3
15/8/2021,300,329,283,288,268,296,294,311,325,262,276,288,315,289,293,291,277,272,299,285,265,329,287,286,271,299,1,1,2,1,1,2,1,1,0,1,1,2,1,3,0,0,1,2,0,2,1,1,1,0,0,1,0,5,5,1,4,2,6,1,3,4,5,6,4,4,2,4,4,6,4,5,1,5,4,2,5,1
16/8/2021,293,327,287,287,267,297,299,309,330,266,274,283,319,283,294,294,279,271,307,284,261,333,292,285,272,298,1,1,2,1,0,2,1,1,0,1,1,1,1,3,0,0,1,2,0,2,1,1,1,0,0,1,0,3,4,1,3,2,5,1,3,4,5,6,4,4,2,2,4,5,2,5,1,5,3,2,5,1
17/8/2021,295,333,290,287,271,298,298,307,331,276,273,283,322,288,291,292,273,271,306,282,262,331,288,288,269,298,0,0,2,1,0,2,1,1,0,1,0,1,1,2,0,1,1,2,0,2,1,1,1,0,0,1,1,1,3,1,2,2,3,1,3,4,5,6,4,2,2,2,3,5,2,5,1,6,3,2,4,0
18/8/2021,295,327,291,289,269,306,299,307,332,274,282,284,314,286,287,294,275,272,298,284,266,335,290,290,269,298,0,0,2,1,0,0,1,1,0,1,0,1,1,2,0,1,0,2,0,2,1,1,0,0,0,0,1,1,3,0,2,5,3,1,2,3,4,5,4,2,1,2,4,5,2,4,1,5,3,2,2,1
19/8/2021,294,331,290,290,266,304,299,308,333,283,280,282,308,287,290,292,276,276,294,286,274,331,288,290,267,299,0,0,2,1,0,0,1,0,0,1,0,1,1,1,0,1,0,2,0,2,0,1,0,0,0,0,1,1,2,0,2,4,2,3,2,3,3,4,4,3,1,2,4,6,2,3,2,4,3,2,2,1
20/8/2021,293,326,290,290,270,304,299,307,336,282,286,284,312,283,290,298,273,275,294,288,271,331,288,289,266,301,0,0,2,1,0,0,1,0,0,1,0,1,1,1,0,1,0,2,0,2,0,1,0,0,0,0,2,1,1,0,1,4,2,3,2,3,2,2,3,3,1,1,4,5,2,3,2,4,3,2,1,1
21/8/2021,288,318,290,292,265,306,293,304,338,287,283,284,316,284,292,298,271,278,301,287,283,334,285,285,263,307,0,0,2,1,0,0,1,0,0,1,0,1,1,1,0,1,0,2,0,1,0,1,0,0,0,0,2,1,1,0,2,4,2,3,1,3,2,2,3,3,1,1,4,1,2,3,1,5,3,1,1,1
22/8/2021,292,323,292,294,266,307,297,300,337,284,290,279,316,284,297,297,276,275,297,286,279,331,284,285,265,307,0,0,2,1,0,0,0,0,0,1,0,1,0,1,0,1,0,2,0,0,1,1,0,0,0,0,1,1,1,0,1,3,2,3,1,2,2,2,3,2,1,1,3,2,2,2,1,5,3,1,1,1
23/8/2021,291,323,291,291,265,312,300,300,336,285,283,277,311,282,294,301,277,278,293,289,280,332,285,289,271,309,0,1,2,1,0,0,0,0,0,1,0,1,0,1,0,0,0,2,0,0,1,1,0,0,0,0,1,1,1,0,1,3,2,3,1,2,2,1,2,2,1,1,3,2,2,2,1,3,3,0,1,1
24/8/2021,292,323,285,294,272,317,297,299,339,290,285,277,313,275,300,303,272,280,292,287,283,327,288,290,273,298,0,1,2,0,0,0,0,0,0,1,0,1,0,1,0,0,1,2,0,1,1,0,0,0,0,0,1,1,1,0,1,2,2,3,1,1,2,1,2,2,0,1,3,1,2,2,1,3,2,0,0,1
25/8/2021,292,327,286,294,279,317,294,299,341,282,280,275,318,277,302,304,268,282,300,284,285,323,288,288,284,289,0,1,2,0,0,0,0,0,0,1,0,1,0,1,0,0,0,2,0,1,1,0,0,0,0,0,1,0,1,0,1,2,3,3,0,1,2,1,1,2,0,1,3,1,1,2,0,2,1,0,0,1
26/8/2021,294,323,281,294,283,313,296,301,342,282,281,277,322,274,298,302,267,280,297,285,283,325,286,287,292,297,0,1,2,0,0,0,0,0,0,1,0,1,0,1,0,0,0,2,0,1,1,0,0,0,0,0,1,0,1,0,1,2,1,2,0,1,1,1,1,2,0,1,3,1,1,2,0,2,1,0,0,1
27/8/2021,294,324,281,291,281,313,293,297,341,279,282,283,313,278,299,303,266,282,299,290,289,325,287,287,291,296,0,1,2,0,0,0,0,0,0,1,0,1,0,0,0,0,0,1,0,1,1,0,0,0,0,0,1,0,1,0,1,1,0,2,0,1,1,1,1,3,0,1,3,2,1,2,0,2,1,0,0,1
28/8/2021,294,324,283,288,281,307,292,300,339,276,277,287,317,280,298,296,269,283,293,290,292,329,287,289,293,304,0,1,2,0,0,0,0,0,0,1,0,1,0,0,0,0,0,1,0,1,1,0,0,0,0,0,0,0,1,0,0,1,0,1,0,2,1,1,1,2,0,1,3,1,1,2,0,2,1,0,0,1
29/8/2021,290,327,284,288,285,310,290,302,335,278,272,288,316,282,297,294,278,283,300,290,293,323,289,285,290,302,0,1,2,0,0,0,0,0,0,1,0,1,0,0,0,0,0,0,0,1,1,0,0,0,0,0,0,0,1,0,0,1,0,1,0,2,1,1,1,2,0,1,2,2,1,1,0,1,1,0,0,1
30/8/2021,293,325,276,289,285,307,289,308,333,282,265,288,316,282,299,296,274,285,300,291,296,321,289,292,295,298,0,1,2,0,0,0,0,0,0,1,0,1,0,0,0,0,0,0,0,1,1,0,0,0,0,0,0,0,1,0,0,1,0,1,0,1,0,1,1,2,0,1,2,2,1,1,0,0,1,0,0,1
31/8/2021,292,324,281,291,279,307,285,315,332,290,260,280,307,287,296,295,273,290,298,292,298,324,293,295,297,294,0,1,2,0,0,0,0,0,0,1,0,1,0,0,0,0,0,0,0,1,0,0,0,0,0,0,0,0,1,0,0,1,0,1,0,1,0,1,1,2,0,1,2,1,1,1,1,0,1,0,0,1
1/9/2021,300,323,281,291,283,308,283,314,332,289,260,276,306,288,290,302,275,291,294,293,294,317,292,299,302,294,0,1,2,0,0,0,0,0,0,1,0,1,0,0,0,0,0,0,0,1,0,0,0,0,0,0,0,0,1,0,0,1,0,0,0,1,0,1,1,2,0,1,2,1,1,0,1,0,1,0,0,1
2/9/2021,304,320,283,290,286,301,284,314,330,294,262,276,301,285,293,302,270,289,289,291,294,323,294,303,300,303,0,1,1,0,0,0,0,0,0,1,0,1,0,0,0,0,0,0,0,1,0,0,0,0,0,0,0,0,2,0,0,1,0,0,0,1,0,0,1,0,0,1,0,2,1,0,1,0,1,0,0,1
3/9/2021,308,317,286,289,289,299,283,313,329,297,265,270,297,285,299,306,271,289,284,293,296,319,293,302,301,303,0,0,1,0,0,0,0,0,0,1,0,1,0,0,0,0,0,0,0,1,0,0,0,0,0,0,0,1,2,0,0,0,0,0,0,1,0,0,1,0,0,1,0,2,1,0,1,0,0,0,0,1
4/9/2021,306,316,285,291,291,305,280,305,328,298,272,270,301,288,301,302,266,286,288,290,296,332,292,295,302,297,0,0,1,0,0,0,0,0,0,1,0,1,0,0,0,0,0,0,0,1,0,0,0,0,0,0,0,1,2,0,0,0,0,0,0,1,0,0,1,0,0,1,0,2,1,0,1,0,0,0,0,1
5/9/2021,303,321,281,286,293,307,278,302,334,301,276,271,295,287,303,301,265,280,289,297,301,331,297,295,297,293,0,0,1,0,0,0,0,0,0,1,0,1,0,0,0,0,0,0,0,1,0,0,0,0,0,0,0,1,1,0,0,0,0,0,0,0,0,0,2,0,0,1,0,2,0,0,1,0,0,0,0,2
6/9/2021,303,321,281,288,291,307,277,301,335,306,277,269,297,285,303,305,263,281,289,293,302,329,297,294,293,298,0,0,1,0,0,0,0,0,0,1,0,1,0,0,0,0,0,0,0,1,0,0,0,0,0,0,0,1,0,0,0,0,0,0,0,0,0,0,2,0,0,1,0,2,0,0,1,0,0,0,0,2
7/9/2021,300,321,277,286,291,312,278,299,333,310,278,266,299,285,303,307,264,280,287,298,303,328,302,293,289,296,0,0,0,0,0,0,0,0,0,1,0,1,0,0,0,0,0,0,0,1,0,0,0,0,0,0,0,1,1,0,0,0,0,0,0,0,0,0,2,0,0,1,0,2,0,0,1,0,0,0,0,2
8/9/2021,301,318,278,285,290,308,277,296,335,309,284,268,301,285,307,307,264,279,290,298,301,329,300,290,289,296,0,0,0,0,0,0,0,0,0,1,0,1,0,0,0,0,0,0,0,1,0,0,0,0,0,0,0,1,1,0,0,0,0,0,0,0,0,0,2,0,0,1,0,2,0,0,1,0,0,0,0,2
9/9/2021,306,317,272,283,289,305,275,295,333,309,290,268,299,288,306,305,267,281,287,300,303,333,299,290,290,297,0,0,0,0,0,0,0,0,0,1,0,1,0,0,0,0,0,0,0,1,0,0,0,0,0,0,0,1,1,0,0,0,0,0,0,0,0,0,2,0,0,1,0,2,0,0,0,0,0,0,0,1
10/9/2021,310,313,271,283,292,306,279,298,331,310,290,270,299,283,303,305,268,280,289,299,298,342,300,292,286,290,0,0,0,0,0,0,0,0,0,1,0,1,0,0,0,0,0,0,0,1,0,0,0,0,0,0,0,1,1,0,0,0,0,0,0,0,0,0,2,0,0,1,0,1,0,0,0,1,0,0,0,1
11/9/2021,303,310,270,282,294,310,279,293,327,315,290,267,303,292,307,304,274,272,289,300,296,341,304,294,283,288,0,0,0,0,0,0,0,0,0,1,0,1,0,0,0,0,0,0,0,1,0,0,0,0,0,0,0,1,1,0,0,0,0,0,0,0,0,0,2,0,0,1,0,1,0,0,0,1,0,0,0,1
12/9/2021,303,304,270,281,295,309,282,291,329,309,294,266,303,289,311,305,280,267,288,301,293,342,307,295,286,287,0,0,0,0,0,0,0,0,0,0,0,1,0,0,0,0,0,0,0,1,0,0,0,0,0,0,0,1,1,0,0,0,0,0,0,1,0,0,2,0,0,1,0,1,1,0,0,1,0,0,0,0
13/9/2021,305,299,275,281,299,313,283,286,328,310,292,274,300,287,315,306,273,273,288,298,297,337,303,296,284,286,0,0,0,0,0,0,0,0,0,0,0,0,0,0,0,0,0,0,0,1,0,0,0,0,0,0,0,1,1,0,0,0,0,0,0,1,0,1,2,0,0,1,0,0,1,0,0,1,0,0,0,0
14/9/2021,302,308,272,280,299,310,282,288,328,305,294,281,310,289,315,305,277,272,288,301,291,329,303,298,281,284,0,0,0,0,0,0,0,0,0,0,0,0,0,0,0,0,0,0,0,1,0,0,0,0,0,0,0,1,1,0,0,0,0,0,0,0,0,0,1,0,0,1,0,0,1,0,0,0,0,0,0,0
15/9/2021,304,311,266,280,296,311,285,285,326,300,287,275,315,288,316,307,282,274,289,302,286,325,306,301,289,286,0,0,0,0,0,0,0,0,0,0,0,0,0,0,0,0,0,0,0,1,0,0,0,0,0,0,0,1,1,0,0,0,0,0,0,0,0,0,1,0,0,1,0,0,1,0,0,0,0,0,0,0
16/9/2021,307,312,268,278,305,309,285,284,325,302,281,281,311,288,314,310,281,277,287,302,282,313,308,302,287,293,0,0,0,0,0,0,0,0,0,0,0,0,0,0,0,0,0,0,0,1,0,0,0,0,0,0,0,1,1,0,0,0,0,0,0,0,0,0,1,0,0,1,0,0,1,0,0,0,0,0,0,0
17/9/2021,304,306,270,278,305,310,284,285,326,299,280,277,310,289,314,306,284,277,289,300,286,317,307,302,290,297,0,0,0,0,0,0,0,0,0,0,0,0,0,0,0,0,0,0,0,1,0,0,0,0,0,0,0,1,1,0,0,0,0,0,0,0,0,0,1,0,0,1,0,0,1,0,0,0,0,0,0,0
18/9/2021,311,310,273,276,304,311,284,283,328,300,280,272,304,288,309,308,285,276,290,299,287,312,308,302,290,304,0,0,0,0,0,0,0,0,0,0,0,0,0,0,0,0,0,0,0,1,0,0,0,0,0,0,0,0,0,0,0,0,0,0,0,0,0,0,1,0,0,1,0,0,1,0,0,0,0,0,0,0
19/9/2021,309,316,274,276,310,310,283,286,328,301,277,271,304,290,306,305,279,272,290,297,289,315,309,305,295,297,0,0,0,0,0,0,0,0,0,0,0,0,0,0,0,0,0,0,0,1,0,0,0,0,0,0,0,0,0,0,0,0,0,0,0,0,0,0,1,0,0,1,0,0,1,0,0,0,0,0,0,0
20/9/2021,310,315,272,279,309,314,287,288,326,304,272,267,300,288,304,308,280,270,289,296,291,315,308,309,297,296,0,0,0,0,0,0,0,0,0,0,0,0,0,0,0,0,0,0,0,1,0,0,0,0,0,0,0,0,0,0,0,0,0,0,0,0,0,0,1,0,0,1,0,0,1,0,0,0,0,0,0,0
21/9/2021,310,318,276,280,299,313,287,288,328,301,276,262,305,286,304,309,286,276,288,294,290,311,305,310,294,298,0,0,0,0,0,0,0,0,0,0,0,0,0,0,0,0,0,0,0,1,0,0,0,0,0,0,0,0,0,0,0,0,0,0,0,0,0,0,1,0,0,1,0,0,1,0,0,0,0,0,0,0
22/9/2021,311,325,275,279,302,310,290,294,332,296,263,265,310,279,303,310,288,276,286,295,292,307,299,318,298,291,0,0,0,0,0,0,0,0,0,0,0,0,0,0,0,0,0,0,0,0,0,0,0,0,0,0,0,0,0,0,0,0,0,0,0,0,0,0,1,0,0,1,0,0,1,1,0,0,0,0,0,0
23/9/2021,317,315,280,276,300,314,289,285,334,296,264,266,312,277,304,317,286,280,287,295,291,306,292,319,301,292,0,0,0,0,0,0,0,0,0,0,0,0,0,0,0,0,0,0,0,0,0,0,0,0,0,0,0,0,0,0,0,0,0,0,0,0,0,0,1,0,0,1,0,0,1,0,0,0,0,0,0,0
24/9/2021,317,309,285,275,299,314,287,289,332,297,263,261,310,277,311,317,286,289,287,299,296,299,290,317,301,288,0,0,0,0,0,0,0,0,0,0,0,0,0,0,0,0,0,0,0,0,0,0,0,0,0,0,0,0,0,0,0,0,0,0,0,0,0,0,1,0,0,1,0,0,1,0,0,0,0,0,0,0
25/9/2021,314,305,285,277,299,313,289,287,329,297,264,267,309,280,309,316,282,290,291,296,298,302,292,315,298,291,0,0,0,0,0,0,0,0,0,0,0,0,0,0,0,0,0,0,0,0,0,0,0,0,0,0,0,0,0,0,0,0,0,0,0,0,0,0,1,0,0,1,0,0,1,0,0,0,0,0,0,0
26/9/2021,316,306,286,278,299,313,291,286,328,291,266,266,313,281,307,316,287,288,295,295,293,302,290,310,300,292,0,0,0,0,0,0,0,0,0,0,0,0,0,0,0,0,0,0,0,0,0,0,0,0,0,0,0,0,0,0,0,0,0,0,0,0,0,0,1,0,0,1,0,0,1,0,0,0,0,0,0,0
27/9/2021,316,307,289,275,299,310,289,290,326,295,264,263,313,280,305,321,286,292,296,297,293,301,290,307,301,290,0,0,0,0,0,0,0,0,0,0,0,0,0,0,0,0,0,0,0,0,0,0,0,0,0,0,0,0,0,0,0,0,0,0,0,0,0,0,1,0,0,1,0,0,1,0,0,0,0,0,0,0
28/9/2021,313,311,285,275,297,311,290,290,324,291,261,273,310,282,304,323,285,292,292,298,296,303,291,310,298,290,0,0,0,0,0,0,0,0,0,0,0,0,0,0,0,0,0,0,0,0,0,0,0,0,0,0,0,0,0,0,0,0,0,0,0,0,0,0,1,0,0,1,0,0,1,0,0,0,0,0,0,0
29/9/2021,310,310,287,275,302,311,289,298,321,293,251,278,305,283,304,322,288,291,290,297,300,297,295,314,297,287,0,0,0,0,0,0,0,0,0,0,0,0,0,0,0,0,0,0,0,0,0,0,0,0,0,0,0,0,0,0,0,0,0,0,0,0,0,0,1,0,0,1,0,0,1,0,0,0,0,0,0,0
30/9/2021,308,310,288,277,302,311,292,299,320,287,253,277,304,280,303,325,290,289,294,295,301,295,297,307,303,288,0,0,0,0,0,0,0,0,0,0,0,0,0,0,0,0,0,0,0,0,0,0,0,0,0,0,0,0,0,0,0,0,0,0,0,0,0,0,1,0,0,1,0,0,1,0,0,0,0,0,0,0
1/10/2021,304,309,285,276,304,309,290,301,318,283,254,282,305,287,301,330,285,288,291,296,305,290,299,311,303,289,0,0,0,0,0,0,0,0,0,0,0,0,0,0,0,0,0,0,0,0,0,0,0,0,0,0,0,0,0,0,0,0,0,0,0,0,0,0,1,0,0,1,0,0,0,0,0,0,0,0,0,1
2/10/2021,302,312,284,277,299,305,289,298,320,284,252,285,305,285,301,330,287,288,289,294,304,289,302,316,302,297,0,0,0,0,0,0,0,0,0,0,0,0,0,0,0,0,0,0,0,0,0,0,0,0,0,0,0,0,0,0,0,0,0,0,0,0,0,0,1,0,0,1,0,0,0,0,0,0,0,0,0,0
3/10/2021,300,312,279,278,293,298,290,302,321,271,250,289,308,281,301,332,293,292,291,295,307,290,302,317,306,299,0,0,0,0,0,0,0,0,0,0,0,0,0,0,0,0,0,0,0,0,0,0,0,0,0,0,0,0,0,0,0,0,0,0,0,0,0,0,1,0,0,0,0,0,0,0,0,0,0,0,0,0
4/10/2021,299,314,287,278,291,297,291,302,323,268,257,285,302,279,309,326,298,289,289,294,308,293,306,314,305,293,0,0,0,0,0,0,0,0,0,0,0,0,0,0,0,0,0,0,0,0,0,0,0,0,0,0,0,0,0,0,0,0,0,0,0,0,0,0,1,0,0,0,0,0,0,0,0,0,0,0,0,0
5/10/2021,292,316,288,277,296,297,289,300,322,268,259,283,314,282,308,327,295,283,286,292,312,291,304,314,306,297,0,0,0,0,0,0,0,0,0,0,0,0,0,0,0,0,0,0,0,0,0,0,0,0,0,0,0,0,0,0,0,0,0,0,0,0,0,0,0,0,0,0,0,0,0,0,0,0,0,0,0,0
6/10/2021,291,317,281,278,294,293,287,306,324,267,261,288,321,283,309,325,295,285,290,294,309,290,302,309,303,296,0,0,0,0,0,0,0,0,0,0,0,0,0,0,0,0,0,0,0,0,0,0,0,0,0,0,0,0,0,0,0,0,0,0,0,0,0,0,0,0,0,0,0,0,0,0,0,0,0,0,0,0
7/10/2021,289,319,284,276,294,288,280,308,320,259,266,289,317,292,311,319,299,285,286,296,313,295,306,308,305,294,0,0,0,0,0,0,0,0,0,0,0,0,0,0,0,0,0,0,0,0,0,0,0,0,0,0,0,0,0,0,0,0,0,0,0,0,0,0,0,0,0,0,0,0,0,0,0,0,0,0,0,0
8/10/2021,286,314,288,278,295,289,282,297,320,261,276,288,313,291,313,320,301,282,291,294,312,297,310,305,301,294,0,0,0,0,0,0,0,0,0,0,0,0,0,0,0,0,0,0,0,0,0,0,0,0,0,0,0,0,0,0,0,0,0,0,0,0,0,0,0,0,0,0,0,0,0,0,0,0,0,0,0,0
9/10/2021,283,310,288,275,302,284,281,303,318,262,276,292,319,299,313,323,295,275,287,299,307,299,307,308,300,293,0,0,0,0,0,0,0,0,0,0,0,0,0,0,0,0,0,0,0,0,0,0,0,0,0,0,0,0,0,0,0,0,0,0,0,0,0,0,0,0,0,0,0,0,0,0,0,0,0,0,0,0
10/10/2021,285,311,294,278,306,281,280,303,320,268,282,290,318,299,321,321,288,278,280,294,306,292,305,306,300,292,0,0,0,0,0,0,0,0,0,0,0,0,0,0,0,0,0,0,0,0,0,0,0,0,0,0,0,0,0,0,0,0,0,0,0,0,0,0,0,0,0,0,0,0,0,0,0,0,0,0,0,0
11/10/2021,283,313,292,279,300,278,278,301,320,274,287,286,322,302,316,324,289,281,283,295,303,289,307,304,297,295,0,0,0,0,0,0,0,0,0,0,0,0,0,0,0,0,0,0,0,0,0,0,0,0,0,0,0,0,0,0,0,0,0,0,0,0,0,0,0,0,0,0,0,0,0,0,0,0,0,0,0,0
12/10/2021,284,317,289,281,298,277,282,300,318,276,290,279,319,303,315,325,287,283,287,296,302,282,311,299,301,297,0,0,0,0,0,0,0,0,0,0,0,0,0,0,0,0,0,0,0,0,0,0,0,0,0,0,0,0,0,0,0,0,0,0,0,0,0,0,0,0,0,0,0,0,0,0,0,0,0,0,0,0
13/10/2021,288,318,289,280,299,282,282,302,317,278,283,280,318,306,315,325,288,280,289,297,298,277,311,300,305,291,0,0,0,0,0,0,0,0,0,0,0,0,0,0,0,0,0,0,0,0,0,0,0,0,0,0,0,0,0,0,0,0,0,0,0,0,0,0,0,0,0,0,0,0,0,0,0,0,0,0,0,0
14/10/2021,282,332,291,280,300,284,283,301,320,275,285,282,326,302,309,321,290,276,292,293,302,277,306,295,306,288,0,0,0,0,0,0,0,0,0,0,0,0,0,0,0,0,0,0,0,0,0,0,0,0,0,0,0,0,0,0,0,0,0,0,0,0,0,0,0,0,0,0,0,0,0,0,0,0,0,0,0,0
15/10/2021,279,331,293,279,301,283,277,303,318,276,283,281,321,305,308,321,287,277,295,293,308,279,311,298,303,288,0,0,0,0,0,0,0,0,0,0,0,0,0,0,0,0,0,0,0,0,0,0,0,0,0,0,0,0,0,0,0,0,0,0,0,0,0,0,0,0,0,0,0,0,0,0,0,0,0,0,0,0
16/10/2021,285,326,298,282,303,281,277,299,321,279,288,281,321,304,311,320,291,278,291,287,302,279,306,299,295,294,0,0,0,0,0,0,0,0,0,0,0,0,0,0,0,0,0,0,0,0,0,0,0,0,0,0,0,0,0,0,0,0,0,0,0,0,0,0,0,0,0,0,0,0,0,0,0,0,0,0,0,0
17/10/2021,288,320,297,280,305,282,276,296,321,283,286,280,322,304,311,324,287,276,290,289,301,284,306,299,296,295,0,0,0,0,0,0,0,0,0,0,0,0,0,0,0,0,0,0,0,0,0,0,0,0,0,0,0,0,0,0,0,0,0,0,0,0,0,0,0,0,0,0,0,0,0,0,0,0,0,0,0,0
18/10/2021,290,327,299,279,307,285,275,305,321,280,282,284,321,308,312,322,282,272,292,290,302,280,302,297,297,287,0,0,0,0,0,0,0,0,0,0,0,0,0,0,0,0,0,0,0,0,0,0,0,0,0,0,0,0,0,0,0,0,0,0,0,0,0,0,0,0,0,0,0,0,0,0,0,0,0,0,0,0
19/10/2021,287,331,297,279,306,283,272,307,321,276,280,282,318,308,310,320,280,274,297,291,310,282,303,295,301,288,0,0,0,0,0,0,0,0,0,0,0,0,0,0,0,0,0,0,0,0,0,0,0,0,0,0,0,0,0,0,0,0,0,0,0,0,0,0,0,0,0,0,0,0,0,0,0,0,0,0,0,0
20/10/2021,289,335,296,281,298,283,272,312,323,268,284,282,315,307,311,319,282,274,297,287,309,283,309,295,305,282,0,0,0,0,0,0,0,0,0,0,0,0,0,0,0,0,0,0,0,0,0,0,0,0,0,0,0,0,0,0,0,0,0,0,0,0,0,0,0,0,0,0,0,0,0,0,0,0,0,0,0,0
21/10/2021,290,339,295,280,292,285,276,310,326,272,291,285,316,304,314,320,281,271,295,287,304,280,311,293,301,280,0,0,0,0,0,0,0,0,0,0,0,0,0,0,0,0,0,0,0,0,0,0,0,0,0,0,0,0,0,0,0,0,0,0,0,0,0,0,0,0,0,0,0,0,0,0,0,0,0,0,0,0
22/10/2021,288,337,301,281,285,284,274,310,327,271,294,283,317,304,312,313,283,271,288,282,303,294,312,297,300,287,0,0,0,0,0,0,0,0,0,0,0,0,0,0,0,0,0,0,0,0,0,0,0,0,0,0,0,0,0,0,0,0,0,0,0,0,0,0,0,0,0,0,0,0,0,0,0,0,0,0,0,0
23/10/2021,293,331,299,283,292,278,277,318,328,262,289,279,319,302,307,316,288,269,288,279,302,285,307,300,314,293,0,0,0,0,0,0,0,0,0,0,0,0,0,0,0,0,0,0,0,0,0,0,0,0,0,0,0,0,0,0,0,0,0,0,0,0,0,0,0,0,0,0,0,0,0,0,0,0,0,0,0,0
24/10/2021,296,326,299,284,295,277,281,320,328,261,288,283,314,298,314,314,287,269,292,277,299,284,312,297,315,288,0,0,0,0,0,0,0,0,0,0,0,0,0,0,0,0,0,0,0,0,0,0,0,0,0,0,0,0,0,0,0,0,0,0,0,0,0,0,0,0,0,0,0,0,0,0,0,0,0,0,0,0
25/10/2021,295,326,296,283,295,286,285,316,327,264,284,284,312,294,313,315,291,263,294,278,304,283,313,297,316,284,0,0,0,0,0,0,0,0,0,0,0,0,0,0,0,0,0,0,0,0,0,0,0,0,0,0,0,0,0,0,0,0,0,0,0,0,0,0,0,0,0,0,0,0,0,0,0,0,0,0,0,0
26/10/2021,295,322,300,284,295,285,282,319,327,265,282,281,308,294,313,317,290,265,295,279,303,283,318,293,315,288,0,0,0,0,0,0,0,0,0,0,0,0,0,0,0,0,0,0,0,0,0,0,0,0,0,0,0,0,0,0,0,0,0,0,0,0,0,0,0,0,0,0,0,0,0,0,0,0,0,0,0,0
27/10/2021,296,314,300,286,294,287,285,316,327,269,281,282,304,293,318,318,287,265,301,275,300,285,322,287,315,291,0,0,0,0,0,0,0,0,0,0,0,0,0,0,0,0,0,0,0,0,0,0,0,0,0,0,0,0,0,0,0,0,0,0,0,0,0,0,0,0,0,0,0,0,0,0,0,0,0,0,0,0
28/10/2021,299,318,299,286,286,294,290,314,329,272,291,273,298,287,313,314,293,264,291,275,303,290,323,288,314,294,0,0,0,0,0,0,0,0,0,0,0,0,0,0,0,0,0,0,0,0,0,0,0,0,0,0,0,0,0,0,0,0,0,0,0,0,0,0,0,0,0,0,0,0,0,0,0,0,0,0,0,0
29/10/2021,299,306,288,284,288,299,290,311,330,269,293,279,295,291,320,317,296,262,286,281,305,285,327,287,315,295,0,0,0,0,0,0,0,0,0,0,0,0,0,0,0,0,0,0,0,0,0,0,0,0,0,0,0,0,0,0,0,0,0,0,0,0,0,0,0,0,0,0,0,0,0,0,0,0,0,0,0,0
30/10/2021,300,302,288,282,290,299,293,314,330,267,289,273,294,290,321,316,294,259,282,285,303,289,328,292,317,301,0,0,0,0,0,0,0,0,0,0,0,0,0,0,0,0,0,0,0,0,0,0,0,0,0,0,0,0,0,0,0,0,0,0,0,0,0,0,0,0,0,0,0,0,0,0,0,0,0,0,0,0
31/10/2021,303,298,289,283,290,298,289,311,326,269,293,275,294,295,320,322,292,259,279,283,302,292,325,291,319,301,0,0,0,0,0,0,0,0,0,0,0,0,0,0,0,0,0,0,0,0,0,0,0,0,0,0,0,0,0,0,0,0,0,0,0,0,0,0,0,0,0,0,0,0,0,0,0,0,0,0,0,0
1/11/2021,302,301,290,284,295,302,298,310,325,265,302,276,291,290,315,317,295,254,273,284,304,291,323,290,315,306,0,0,0,0,0,0,0,0,0,0,0,0,0,0,0,0,0,0,0,0,0,0,0,0,0,0,0,0,0,0,0,0,0,0,0,0,0,0,0,0,0,0,0,0,0,0,0,0,0,0,0,0
2/11/2021,300,298,290,286,288,299,296,309,332,263,295,276,297,286,315,314,298,257,278,283,301,296,324,291,318,308,0,0,0,0,0,0,0,0,0,0,0,0,0,0,0,0,0,0,0,0,0,0,0,0,0,0,0,0,0,0,0,0,0,0,0,0,0,0,0,0,0,0,0,0,0,0,0,0,0,0,0,0
3/11/2021,295,295,284,288,292,291,298,309,328,267,297,277,301,289,322,315,290,259,280,283,296,298,327,292,317,308,0,0,0,0,0,0,0,0,0,0,0,0,0,0,0,0,0,0,0,0,0,0,0,0,0,0,0,0,0,0,0,0,0,0,0,0,0,0,0,0,0,0,0,0,0,0,0,0,0,0,0,0
4/11/2021,303,294,284,289,290,297,294,304,326,268,299,275,301,290,322,312,289,255,280,283,296,309,323,291,316,308,0,0,0,0,0,0,0,0,0,0,0,0,0,0,0,0,0,0,0,0,0,0,0,0,0,0,0,0,0,0,0,0,0,0,0,0,0,0,0,0,0,0,0,0,0,0,0,0,0,0,0,0
5/11/2021,305,302,288,289,288,297,295,304,329,268,297,280,301,290,321,309,291,252,280,279,295,310,319,293,316,300,0,0,0,0,0,0,0,0,0,0,0,0,0,0,0,0,0,0,0,0,0,0,0,0,0,0,0,0,0,0,0,0,0,0,0,0,0,0,0,0,0,0,0,0,0,0,0,0,0,0,0,0
6/11/2021,304,304,287,290,294,297,300,303,329,263,297,286,301,288,321,307,289,251,279,278,290,308,323,292,318,299,0,0,0,0,0,0,0,0,0,0,0,0,0,0,0,0,0,0,0,0,0,0,0,0,0,0,0,0,0,0,0,0,0,0,0,0,0,0,0,0,0,0,0,0,0,0,0,0,0,0,0,0
7/11/2021,305,300,289,287,286,301,306,302,328,261,291,288,306,291,314,300,296,252,283,277,283,315,320,297,318,302,0,0,0,0,0,0,0,0,0,0,0,0,0,0,0,0,0,0,0,0,0,0,0,0,0,0,0,0,0,0,0,0,0,0,0,0,0,0,0,0,0,0,0,0,0,0,0,0,0,0,0,0
8/11/2021,305,304,289,286,287,298,306,306,328,259,292,287,302,291,310,298,302,251,285,278,285,310,323,296,315,305,0,0,0,0,0,0,0,0,0,0,0,0,0,0,0,0,0,0,0,0,0,0,0,0,0,0,0,0,0,0,0,0,0,0,0,0,0,0,0,0,0,0,0,0,0,0,0,0,0,0,0,0
9/11/2021,298,304,286,289,285,300,309,302,327,259,296,285,308,293,313,296,310,241,285,276,287,311,325,297,313,303,0,0,0,0,0,0,0,0,0,0,0,0,0,0,0,0,0,0,0,0,0,0,0,0,0,0,0,0,0,0,0,0,0,0,0,0,0,0,0,0,0,0,0,0,0,0,0,0,0,0,0,0
10/11/2021,301,298,285,289,286,297,310,304,325,260,291,287,304,297,312,299,306,237,293,277,285,317,326,299,310,303,0,0,0,0,0,0,0,0,0,0,0,0,0,0,0,0,0,0,0,0,0,0,0,0,0,0,0,0,0,0,0,0,0,0,0,0,0,0,0,0,0,0,0,0,0,0,0,0,0,0,0,0
11/11/2021,304,295,281,292,284,295,312,297,320,256,290,289,309,301,316,300,306,238,290,276,284,321,317,301,312,312,0,0,0,0,0,0,0,0,0,0,0,0,0,0,0,0,0,0,0,0,0,0,0,0,0,0,0,0,0,0,0,0,0,0,0,0,0,0,0,0,0,0,0,0,0,0,0,0,0,0,0,0
12/11/2021,302,293,277,291,285,294,315,299,320,260,285,289,311,295,317,299,305,239,293,279,286,327,316,297,313,311,0,0,0,0,0,0,0,0,0,0,0,0,0,0,0,0,0,0,0,0,0,0,0,0,0,0,0,0,0,0,0,0,0,0,0,0,0,0,0,0,0,0,0,0,0,0,0,0,0,0,0,0
13/11/2021,303,291,282,292,280,299,312,296,320,253,290,286,312,298,311,299,312,243,290,276,287,325,313,298,317,313,0,0,0,0,0,0,0,0,0,0,0,0,0,0,0,0,0,0,0,0,0,0,0,0,0,0,0,0,0,0,0,0,0,0,0,0,0,0,0,0,0,0,0,0,0,0,0,0,0,0,0,0
14/11/2021,298,294,281,291,284,296,314,300,321,260,286,283,314,297,317,299,309,241,293,276,290,317,313,299,315,310,0,0,0,0,0,0,0,0,0,0,0,0,0,0,0,0,0,0,0,0,0,0,0,0,0,0,0,0,0,0,0,0,0,0,0,0,0,0,0,0,0,0,0,0,0,0,0,0,0,0,0,0
15/11/2021,293,300,284,292,285,298,317,302,321,263,284,284,310,298,319,299,306,241,290,277,293,310,315,301,315,301,0,0,0,0,0,0,0,0,0,0,0,0,0,0,0,0,0,0,0,0,0,0,0,0,0,0,0,0,0,0,0,0,0,0,0,0,0,0,0,0,0,0,0,0,0,0,0,0,0,0,0,0
16/11/2021,295,292,280,290,286,298,319,301,320,263,284,286,307,297,313,303,302,241,294,281,292,313,318,300,315,308,0,0,0,0,0,0,0,0,0,0,0,0,0,0,0,0,0,0,0,0,0,0,0,0,0,0,0,0,0,0,0,0,0,0,0,0,0,0,0,0,0,0,0,0,0,0,0,0,0,0,0,0
17/11/2021,289,293,278,288,288,298,311,301,322,269,294,285,307,291,316,300,299,243,292,281,301,317,323,296,309,307,0,0,0,0,0,0,0,0,0,0,0,0,0,0,0,0,0,0,0,0,0,0,0,0,0,0,0,0,0,0,0,0,0,0,0,0,0,0,0,0,0,0,0,0,0,0,0,0,0,0,0,0
18/11/2021,293,297,279,289,288,296,313,304,322,267,288,285,308,290,315,296,305,248,291,277,297,308,323,295,316,308,0,0,0,0,0,0,0,0,0,0,0,0,0,0,0,0,0,0,0,0,0,0,0,0,0,0,0,0,0,0,0,0,0,0,0,0,0,0,0,0,0,0,0,0,0,0,0,0,0,0,0,0
19/11/2021,295,297,278,289,285,295,318,292,320,267,303,280,306,291,317,293,304,248,287,281,292,308,324,297,316,315,0,0,0,0,0,0,0,0,0,0,0,0,0,0,0,0,0,0,0,0,0,0,0,0,0,0,0,0,0,0,0,0,0,0,0,0,0,0,0,0,0,0,0,0,0,0,0,0,0,0,0,0
20/11/2021,295,295,286,288,284,295,317,297,319,266,304,281,304,292,316,291,308,250,283,281,287,308,325,299,312,315,0,0,0,0,0,0,0,0,0,0,0,0,0,0,0,0,0,0,0,0,0,0,0,0,0,0,0,0,0,0,0,0,0,0,0,0,0,0,0,0,0,0,0,0,0,0,0,0,0,0,0,0
21/11/2021,301,297,286,286,284,287,313,305,317,270,298,281,296,293,312,289,300,252,286,282,294,318,326,298,308,319,0,0,0,0,0,0,0,0,0,0,0,0,0,0,0,0,0,0,0,0,0,0,0,0,0,0,0,0,0,0,0,0,0,0,0,0,0,0,0,0,0,0,0,0,0,0,0,0,0,0,0,0
22/11/2021,288,298,291,284,286,285,313,304,315,268,303,275,302,296,315,292,302,248,294,284,296,316,328,294,308,313,0,0,0,0,0,0,0,0,0,0,0,0,0,0,0,0,0,0,0,0,0,0,0,0,0,0,0,0,0,0,0,0,0,0,0,0,0,0,0,0,0,0,0,0,0,0,0,0,0,0,0,0
23/11/2021,284,303,294,288,289,287,311,305,313,267,310,274,300,302,310,293,307,246,298,280,298,304,329,288,305,313,0,0,0,0,0,0,0,0,0,0,0,0,0,0,0,0,0,0,0,0,0,0,0,0,0,0,0,0,0,0,0,0,0,0,0,0,0,0,0,0,0,0,0,0,0,0,0,0,0,0,0,0
24/11/2021,283,303,296,286,286,281,309,310,314,265,310,270,299,300,309,294,307,245,295,282,305,310,329,290,305,315,0,0,0,0,0,0,0,0,0,0,0,0,0,0,0,0,0,0,0,0,0,0,0,0,0,0,0,0,0,0,0,0,0,0,0,0,0,0,0,0,0,0,0,0,0,0,0,0,0,0,0,0
25/11/2021,279,303,294,287,292,283,309,312,311,267,307,271,302,306,302,296,300,242,293,282,303,312,331,293,303,318,0,0,0,0,0,0,0,0,0,0,0,0,0,0,0,0,0,0,0,0,0,0,0,0,0,0,0,0,0,0,0,0,0,0,0,0,0,0,0,0,0,0,0,0,0,0,0,0,0,0,0,0
26/11/2021,279,300,292,287,292,283,305,311,312,269,309,272,307,306,303,296,295,241,290,280,306,313,330,295,305,320,0,0,0,0,0,0,0,0,0,0,0,0,0,0,0,0,0,0,0,0,0,0,0,0,0,0,0,0,0,0,0,0,0,0,0,0,0,0,0,0,0,0,0,0,0,0,0,0,0,0,0,0
27/11/2021,274,299,287,287,294,287,306,308,312,270,309,277,312,308,302,303,296,243,284,281,302,301,332,295,307,322,0,0,0,0,0,0,0,0,0,0,0,0,0,0,0,0,0,0,0,0,0,0,0,0,0,0,0,0,0,0,0,0,0,0,0,0,0,0,0,0,0,0,0,0,0,0,0,0,0,0,0,0
28/11/2021,277,301,286,284,294,287,313,307,314,265,312,278,308,301,300,304,303,246,284,285,297,292,334,295,307,324,0,0,0,0,0,0,0,0,0,0,0,0,0,0,0,0,0,0,0,0,0,0,0,0,0,0,0,0,0,0,0,0,0,0,0,0,0,0,0,0,0,0,0,0,0,0,0,0,0,0,0,0
29/11/2021,278,301,285,280,287,285,311,303,314,267,307,283,310,301,297,302,308,251,285,288,297,294,334,298,299,333,0,0,0,0,0,0,0,0,0,0,0,0,0,0,0,0,0,0,0,0,0,0,0,0,0,0,0,0,0,0,0,0,0,0,0,0,0,0,0,0,0,0,0,0,0,0,0,0,0,0,0,0
30/11/2021,288,302,280,278,285,284,311,300,313,266,307,285,318,301,303,297,304,254,286,290,293,302,324,299,298,330,0,0,0,0,0,0,0,0,0,0,0,0,0,0,0,0,0,0,0,0,0,0,0,0,0,0,0,0,0,0,0,0,0,0,0,0,0,0,0,0,0,0,0,0,0,0,0,0,0,0,0,0
1/12/2021,288,306,284,278,285,286,313,302,314,266,303,286,307,299,306,292,303,256,285,290,294,305,325,297,303,325,0,0,0,0,0,0,0,0,0,0,0,0,0,0,0,0,0,0,0,0,0,0,0,0,0,0,0,0,0,0,0,0,0,0,0,0,0,0,0,0,0,0,0,0,0,0,0,0,0,0,0,0
2/12/2021,284,297,281,278,282,292,317,300,311,265,306,289,299,298,304,292,305,260,284,292,303,309,323,299,303,325,0,0,0,0,0,0,0,0,0,0,0,0,0,0,0,0,0,0,0,0,0,0,0,0,0,0,0,0,0,0,0,0,0,0,0,0,0,0,0,0,0,0,0,0,0,0,0,0,0,0,0,0
3/12/2021,282,292,278,279,285,292,319,301,314,269,300,290,298,294,303,298,305,258,290,291,301,306,325,296,302,330,0,0,0,0,0,0,0,0,0,0,0,0,0,0,0,0,0,0,0,0,0,0,0,0,0,0,0,0,0,0,0,0,0,0,0,0,0,0,0,0,0,0,0,0,0,0,0,0,0,0,0,0
4/12/2021,283,289,273,278,283,290,321,297,317,271,304,288,305,292,301,304,304,259,293,294,303,302,322,296,299,330,0,0,0,0,0,0,0,0,0,0,0,0,0,0,0,0,0,0,0,0,0,0,0,0,0,0,0,0,0,0,0,0,0,0,0,0,0,0,0,0,0,0,0,0,0,0,0,0,0,0,0,0
5/12/2021,286,289,277,278,283,294,320,295,316,272,308,293,303,292,298,307,302,260,294,291,300,300,320,292,297,331,0,0,0,0,0,0,0,0,0,0,0,0,0,0,0,0,0,0,0,0,0,0,0,0,0,0,0,0,0,0,0,0,0,0,0,0,0,0,0,0,0,0,0,0,0,0,0,0,0,0,0,0
6/12/2021,285,292,281,281,281,285,322,297,316,273,314,291,304,293,297,307,304,260,292,288,300,300,316,292,292,335,0,0,0,0,0,0,0,0,0,0,0,0,0,0,0,0,0,0,0,0,0,0,0,0,0,0,0,0,0,0,0,0,0,0,0,0,0,0,0,0,0,0,0,0,0,0,0,0,0,0,0,0
7/12/2021,284,291,279,278,276,287,319,294,316,277,310,284,301,299,300,310,300,258,299,294,299,304,321,290,292,336,0,0,0,0,0,0,0,0,0,0,0,0,0,0,0,0,0,0,0,0,0,0,0,0,0,0,0,0,0,0,0,0,0,0,0,0,0,0,0,0,0,0,0,0,0,0,0,0,0,0,0,0
8/12/2021,280,294,281,282,269,283,317,292,314,279,314,280,305,301,299,313,301,260,301,288,306,301,320,289,290,339,0,0,0,0,0,0,0,0,0,0,0,0,0,0,0,0,0,0,0,0,0,0,0,0,0,0,0,0,0,0,0,0,0,0,0,0,0,0,0,0,0,0,0,0,0,0,0,0,0,0,0,0
9/12/2021,285,288,284,284,267,278,314,294,316,279,309,284,311,298,302,316,299,263,302,283,302,306,316,289,287,342,0,0,0,0,0,0,0,0,0,0,0,0,0,0,0,0,0,0,0,0,0,0,0,0,0,0,0,0,0,0,0,0,0,0,0,0,0,0,0,0,0,0,0,0,0,0,0,0,0,0,0,0
10/12/2021,285,290,286,284,266,274,315,303,317,285,308,277,310,298,299,315,298,262,304,284,303,310,314,284,286,341,0,0,0,0,0,0,0,0,0,0,0,0,0,0,0,0,0,0,0,0,0,0,0,0,0,0,0,0,0,0,0,0,0,0,0,0,0,0,0,0,0,0,0,0,0,0,0,0,0,0,0,0
11/12/2021,282,285,287,284,267,276,315,303,316,287,306,284,313,295,292,314,295,265,308,283,305,317,313,284,279,343,0,0,0,0,0,0,0,0,0,0,0,0,0,0,0,0,0,0,0,0,0,0,0,0,0,0,0,0,0,0,0,0,0,0,0,0,0,0,0,0,0,0,0,0,0,0,0,0,0,0,0,0
12/12/2021,276,284,284,284,264,274,318,302,315,289,307,287,322,293,292,313,295,268,307,286,304,318,311,285,275,345,0,0,0,0,0,0,0,0,0,0,0,0,0,0,0,0,0,0,0,0,0,0,0,0,0,0,0,0,0,0,0,0,0,0,0,0,0,0,0,0,0,0,0,0,0,0,0,0,0,0,0,0
13/12/2021,277,285,285,286,265,281,321,303,313,287,310,286,325,296,290,317,302,262,308,284,295,312,314,282,272,340,0,0,0,0,0,0,0,0,0,0,0,0,0,0,0,0,0,0,0,0,0,0,0,0,0,0,0,0,0,0,0,0,0,0,0,0,0,0,0,0,0,0,0,0,0,0,0,0,0,0,0,0
14/12/2021,278,292,280,288,272,271,321,301,312,292,307,286,319,298,295,322,300,263,311,281,299,298,319,282,270,341,0,0,0,0,0,0,0,0,0,0,0,0,0,0,0,0,0,0,0,0,0,0,0,0,0,0,0,0,0,0,0,0,0,0,0,0,0,0,0,0,0,0,0,0,0,0,0,0,0,0,0,0
15/12/2021,279,299,284,285,271,272,319,304,312,290,309,284,305,298,293,324,303,265,306,283,302,294,324,286,272,335,0,0,0,0,0,0,0,0,0,0,0,0,0,0,0,0,0,0,0,0,0,0,0,0,0,0,0,0,0,0,0,0,0,0,0,0,0,0,0,0,0,0,0,0,0,0,0,0,0,0,0,0
16/12/2021,286,299,287,283,269,274,317,303,309,287,308,284,301,304,294,325,307,265,309,282,299,290,323,283,279,331,0,0,0,0,0,0,0,0,0,0,0,0,0,0,0,0,0,0,0,0,0,0,0,0,0,0,0,0,0,0,0,0,0,0,0,0,0,0,0,0,0,0,0,0,0,0,0,0,0,0,0,0
17/12/2021,290,299,291,280,266,270,321,304,310,288,309,276,291,305,294,326,310,267,308,287,297,284,323,284,282,336,0,0,0,0,0,0,0,0,0,0,0,0,0,0,0,0,0,0,0,0,0,0,0,0,0,0,0,0,0,0,0,0,0,0,0,0,0,0,0,0,0,0,0,0,0,0,0,0,0,0,0,0
18/12/2021,286,296,288,281,261,275,323,298,308,281,307,277,296,306,295,325,313,269,314,287,296,291,325,281,284,335,0,0,0,0,0,0,0,0,0,0,0,0,0,0,0,0,0,0,0,0,0,0,0,0,0,0,0,0,0,0,0,0,0,0,0,0,0,0,0,0,0,0,0,0,0,0,0,0,0,0,0,0
19/12/2021,280,298,289,283,256,276,326,297,305,277,305,283,293,306,298,322,317,274,311,283,300,291,329,284,283,332,0,0,0,0,0,0,0,0,0,0,0,0,0,0,0,0,0,0,0,0,0,0,0,0,0,0,0,0,0,0,0,0,0,0,0,0,0,0,0,0,0,0,0,0,0,0,0,0,0,0,0,0
20/12/2021,279,299,286,284,255,274,329,296,304,280,305,283,291,307,303,317,318,270,310,283,302,292,331,286,280,334,0,0,0,0,0,0,0,0,0,0,0,0,0,0,0,0,0,0,0,0,0,0,0,0,0,0,0,0,0,0,0,0,0,0,0,0,0,0,0,0,0,0,0,0,0,0,0,0,0,0,0,0
21/12/2021,277,305,279,283,261,277,334,291,304,282,301,286,299,300,305,316,316,269,309,285,302,290,326,288,283,330,0,0,0,0,0,0,0,0,0,0,0,0,0,0,0,0,0,0,0,0,0,0,0,0,0,0,0,0,0,0,0,0,0,0,0,0,0,0,0,0,0,0,0,0,0,0,0,0,0,0,0,0
22/12/2021,277,307,279,282,264,287,332,286,304,281,299,284,294,296,306,318,310,272,309,289,305,292,328,291,284,322,0,0,0,0,0,0,0,0,0,0,0,0,0,0,0,0,0,0,0,0,0,0,0,0,0,0,0,0,0,0,0,0,0,0,0,0,0,0,0,0,0,0,0,0,0,0,0,0,0,0,0,0
23/12/2021,276,310,278,280,262,291,335,280,301,285,299,287,291,297,306,316,311,270,302,291,303,294,332,294,279,328,0,0,0,0,0,0,0,0,0,0,0,0,0,0,0,0,0,0,0,0,0,0,0,0,0,0,0,0,0,0,0,0,0,0,0,0,0,0,0,0,0,0,0,0,0,0,0,0,0,0,0,0
24/12/2021,280,309,279,277,258,290,337,283,302,288,301,289,291,291,305,311,310,278,304,291,301,299,331,293,276,324,0,0,0,0,0,0,0,0,0,0,0,0,0,0,0,0,0,0,0,0,0,0,0,0,0,0,0,0,0,0,0,0,0,0,0,0,0,0,0,0,0,0,0,0,0,0,0,0,0,0,0,0
25/12/2021,275,306,281,274,257,289,335,291,306,288,299,292,292,290,306,313,306,281,301,294,300,302,332,297,273,318,0,0,0,0,0,0,0,0,0,0,0,0,0,0,0,0,0,0,0,0,0,0,0,0,0,0,0,0,0,0,0,0,0,0,0,0,0,0,0,0,0,0,0,0,0,0,0,0,0,0,0,0
26/12/2021,273,305,276,274,261,291,333,290,306,289,293,294,292,291,304,310,307,279,302,295,304,306,332,295,278,318,0,0,0,0,0,0,0,0,0,0,0,0,0,0,0,0,0,0,0,0,0,0,0,0,0,0,0,0,0,0,0,0,0,0,0,0,0,0,0,0,0,0,0,0,0,0,0,0,0,0,0,0
27/12/2021,277,306,276,275,260,290,338,290,304,283,287,293,294,290,302,311,308,273,303,294,303,312,326,296,282,325,0,0,0,0,0,0,0,0,0,0,0,0,0,0,0,0,0,0,0,0,0,0,0,0,0,0,0,0,0,0,0,0,0,0,0,0,0,0,0,0,0,0,0,0,0,0,0,0,0,0,0,0
28/12/2021,281,301,274,275,260,285,335,290,305,284,286,294,298,290,302,311,305,272,302,296,297,315,325,298,284,333,0,0,0,0,0,0,0,0,0,0,0,0,0,0,0,0,0,0,0,0,0,0,0,0,0,0,0,0,0,0,0,0,0,0,0,0,0,0,0,0,0,0,0,0,0,0,0,0,0,0,0,0
29/12/2021,278,296,273,276,262,283,335,298,306,278,276,287,303,288,306,312,305,269,309,298,295,317,325,299,296,328,0,0,0,0,0,0,0,0,0,0,0,0,0,0,0,0,0,0,0,0,0,0,0,0,0,0,0,0,0,0,0,0,0,0,0,0,0,0,0,0,0,0,0,0,0,0,0,0,0,0,0,0
30/12/2021,281,297,273,272,261,277,337,299,301,283,278,286,304,290,310,310,310,269,311,299,294,317,324,298,290,327,0,0,0,0,0,0,0,0,0,0,0,0,0,0,0,0,0,0,0,0,0,0,0,0,0,0,0,0,0,0,0,0,0,0,0,0,0,0,0,0,0,0,0,0,0,0,0,0,0,0,0,0
31/12/2021,280,296,278,273,264,274,336,303,295,278,275,282,306,297,311,313,313,266,314,298,290,312,325,295,297,327,0,0,0,0,0,0,0,0,0,0,0,0,0,0,0,0,0,0,0,0,0,0,0,0,0,0,0,0,0,0,0,0,0,0,0,0,0,0,0,0,0,0,0,0,0,0,0,0,0,0,0,0
